유류오염손해배상사건등의절차에관한규칙,대법원규칙,36426
공항시설관리권등록령,시행규칙,137664
공항시설관리권등록령,대통령령,227239
한국주택금융공사법,시행규칙,285255
한국주택금융공사법,시행령,281389
한국주택금융공사법,법률,277275
한국교원대학교설치령,대통령령,261057
국제연합평화유지활동참여에관한법률,시행령,281453
국제연합평화유지활동참여에관한법률,법률,237883
헌법재판소공무원행동강령,헌법재판소규칙,252583
모범공무원규정,대통령령,283717
공증인의정원및신원보증금에관한규칙,법무부령,102647
육군항공사령부령,대통령령,236963
위치정보의보호및이용등에관한법률,시행령,283269
위치정보의보호및이용등에관한법률,법률,277359
물품목록정보의관리및이용에관한법률,시행규칙,97994
물품목록정보의관리및이용에관한법률,시행령,280851
물품목록정보의관리및이용에관한법률,법률,276109
지방교육행정기관업무추진비집행에관한규칙,교육부령,202857
부동산등기규칙,대법원규칙,266847
건축물의설비기준등에관한규칙,건설교통부령,279459
금융위원회소관비영리법인의설립및감독에관한규칙,총리령,231837
재해위험개선사업및이주대책에관한특별법,시행규칙,228725
재해위험개선사업및이주대책에관한특별법,시행령,277755
재해위험개선사업및이주대책에관한특별법,법률,276327
역세권의개발및이용에관한법률,시행규칙,273135
역세권의개발및이용에관한법률,시행령,281285
역세권의개발및이용에관한법률,법률,280135
위기임신및보호출산지원과아동보호에관한특별법에의한가족관계등록사무처리규칙,대법원규칙,263063
스토킹범죄의처벌등에관한법률,시행령,233711
스토킹범죄의처벌등에관한법률,법률,252483
대한민국과아메리카합중국간의상호방위조약제4조에의한시설과구역및대한민국에서의합중국군대의지위에관한협정의실시에따른관세법등의임시특례에관한법률,법률,267531
계엄사령부직제,대통령령,234237
동물약국및동물용의약품등의제조업ㆍ수입자와판매업의시설기준령,대통령령,256347
농업통계조사규칙,기획재정부령,282277
간선급행버스체계의건설및운영에관한특별법,시행규칙,282021
간선급행버스체계의건설및운영에관한특별법,시행령,281241
간선급행버스체계의건설및운영에관한특별법,법률,276919
국제경기대회지원법,시행령,240171
국제경기대회지원법,법률,276387
국회기록물관리규칙,국회규칙,112828
수산관계법령위반행위에대한행정처분의기준과절차에관한규칙,농림수산식품부령,268127
헌법재판소규칙의공포에관한규칙,헌법재판소규칙,165350
군사정전에관한협정체결이후납북피해자의보상및지원에관한법률,시행령,277639
군사정전에관한협정체결이후납북피해자의보상및지원에관한법률,법률,231711
대외경제장관회의규정,대통령령,280841
국회에서의증언ㆍ감정등에관한법률,법률,276041
기부금품의모집ㆍ사용및기부문화활성화에관한법률,시행령,266787
기부금품의모집ㆍ사용및기부문화활성화에관한법률,법률,260853
외무공무원자격심사에관한규칙,외교통상부령,175696
공무원행동강령,대통령령,242713
국가공간정보센터운영규정,대통령령,277933
법원재판사무처리규칙,대법원규칙,254625
헌법재판소비밀관리업무규칙,헌법재판소규칙,280327
재외동포기본법,시행령,281723
재외동포기본법,법률,250669
불법정치자금등의몰수보전등에관한규칙,대법원규칙,228989
공군공중전투사령부령,대통령령,205311
식품산업진흥법,시행령,284793
식품산업진흥법,법률,285159
대법원기부심사위원회규칙,대법원규칙,268637
국회공무원행동강령,국회규칙,280703
국회기록원직제,국회규칙,280697
중앙지방협력회의의구성및운영에관한법률,시행령,285415
중앙지방협력회의의구성및운영에관한법률,법률,276343
마약류관리에관한법률,시행규칙,269047
마약류관리에관한법률,시행령,282953
마약류관리에관한법률,법률,280449
국방부조사본부령,대통령령,214029
대외경제협력기금법,시행규칙,282639
대외경제협력기금법,시행령,280843
대외경제협력기금법,법률,276101
콘텐츠산업진흥법,시행규칙,197077
콘텐츠산업진흥법,시행령,282885
콘텐츠산업진흥법,법률,277385
재정차관자금관리규칙,재무부령,282669
식생활교육지원법,시행령,281095
식생활교육지원법,법률,269949
전자정부법,시행규칙,282543
전자정부법,시행령,281535
전자정부법,법률,283701
노근리사건희생자심사및명예회복에관한특별법에의한가족관계등록사무처리규칙,대법원규칙,242043
확정일자부및일자인조제에관한규정,대통령령,120210
올림픽기장령,대통령령,209733
중앙행정기관및지방자치단체자체감사기준,감사원규칙,109363
국민경제자문회의운영에관한규정,대통령령,283375
승강기안전관리법,시행규칙,268955
승강기안전관리법,시행령,282981
승강기안전관리법,법률,259475
중소벤처기업부소관비영리법인의설립및감독에관한규칙,중소벤처기업부령,266247
「대한민국법원의날」제정에관한규칙,대법원규칙,172683
농산장려보조금교부규칙,국무원령,227381
특수임무유공자예우및단체설립에관한법률,시행규칙,279503
특수임무유공자예우및단체설립에관한법률,시행령,284893
특수임무유공자예우및단체설립에관한법률,법률,283439
조세특례제한법,시행규칙,284611
조세특례제한법,시행령,283625
조세특례제한법,법률,285525
6ㆍ25전쟁납북피해진상규명및납북피해자명예회복에관한법률에의한가족관계등록사무처리규칙,대법원규칙,108667
중앙선거관리위원회소관비영리법인의설립및감독에관한규칙,중앙선거관리위원회규칙,257139
우주항공청의설치및운영에관한특별법,시행령,261597
우주항공청의설치및운영에관한특별법,법률,285141
의무ㆍ법무ㆍ군종ㆍ수의장교등신체검사규칙,국방부령,201813
해양경찰장비도입및관리에관한법률,시행규칙,241793
해양경찰장비도입및관리에관한법률,시행령,285819
해양경찰장비도입및관리에관한법률,법률,277093
육군특수전사령부령,대통령령,197288
공탁규칙,대법원규칙,272613
재판연구원규칙,대법원규칙,283115
국회사무처법,법률,279755
과학기술인공제회법,법률,268723
인권침해사건조사ㆍ처리및구금ㆍ보호시설의실태조사에관한규칙,법무부령,243767
인구주택총조사규칙,재정경제부령,278811
농촌진흥청시험ㆍ분석및검정의뢰규칙,농림수산식품부령,121802
항만기술산업의육성및지원에관한법률,시행규칙,268967
항만기술산업의육성및지원에관한법률,시행령,268333
항만기술산업의육성및지원에관한법률,법률,259247
보험사기방지특별법,시행령,264719
보험사기방지특별법,법률,277341
한국도로공사법,시행규칙,235139
한국도로공사법,시행령,268445
한국도로공사법,법률,284401
국방부와그소속기관직제,시행규칙,285081
국방부와그소속기관직제,대통령령,284581
주소정보시설규칙,행정안전부령,264355
구직자취업촉진및생활안정지원에관한법률,시행규칙,260439
구직자취업촉진및생활안정지원에관한법률,시행령,260081
구직자취업촉진및생활안정지원에관한법률,법률,257511
감사원사무처직제,감사원규칙,285761
생활주변방사선안전관리법,시행규칙,251537
생활주변방사선안전관리법,시행령,275185
생활주변방사선안전관리법,법률,259305
국가데이터처소관비영리법인의설립및감독에관한규칙,총리령,283237
법제처직제,시행규칙,285867
법제처직제,대통령령,285773
충청북도청주시설치및지원특례에관한법률,법률,228621
육군정보통신학교령,대통령령,273555
농수산물의원산지표시등에관한법률,시행규칙,268207
농수산물의원산지표시등에관한법률,시행령,278005
농수산물의원산지표시등에관한법률,법률,237105
도시가스사업법,시행규칙,285295
도시가스사업법,시행령,284727
도시가스사업법,법률,276497
재산조회규칙,대법원규칙,206548
폐광지역개발지원에관한특별법,시행령,278463
폐광지역개발지원에관한특별법,법률,283987
공군공중기동정찰사령부령,대통령령,197222
미세먼지저감및관리에관한특별법,시행규칙,278917
미세먼지저감및관리에관한특별법,시행령,281191
미세먼지저감및관리에관한특별법,법률,283033
장애인활동지원에관한법률,시행규칙,270341
장애인활동지원에관한법률,시행령,272519
장애인활동지원에관한법률,법률,267431
육군군수사령부령,대통령령,197277
재난관리자원의관리등에관한법률,시행규칙,259023
재난관리자원의관리등에관한법률,시행령,258451
재난관리자원의관리등에관한법률,법률,276325
한식진흥법,시행규칙,221353
한식진흥법,시행령,245627
한식진흥법,법률,251879
데이터기반행정활성화에관한법률,시행규칙,256015
데이터기반행정활성화에관한법률,시행령,255951
데이터기반행정활성화에관한법률,법률,251025
디지털기반의원격교육활성화기본법,시행령,241557
디지털기반의원격교육활성화기본법,법률,283889
기초연금법,시행규칙,273895
기초연금법,시행령,281587
기초연금법,법률,276657
한옥등건축자산의진흥에관한법률,시행규칙,235141
한옥등건축자산의진흥에관한법률,시행령,270137
한옥등건축자산의진흥에관한법률,법률,260513
공동주택분양가격의산정등에관한규칙,건설교통부령,283325
노인복지법,시행규칙,282119
노인복지법,시행령,282799
노인복지법,법률,281919
금융회사의지배구조에관한법률,시행령,284695
금융회사의지배구조에관한법률,법률,277253
교도작업의운영및특별회계에관한법률,시행규칙,176754
교도작업의운영및특별회계에관한법률,시행령,106754
교도작업의운영및특별회계에관한법률,법률,138747
학교안전사고예방및보상에관한법률,시행규칙,272937
학교안전사고예방및보상에관한법률,시행령,272803
학교안전사고예방및보상에관한법률,법률,280025
외무공무원임용령,시행규칙,279155
외무공무원임용령,대통령령,281455
국군방첩사령부령,대통령령,249921
국정홍보업무운영규정,대통령령,277817
국가보위에관한특별조치법제5조제4항에의한동원대상지역내의토지의수용ㆍ사용에관한특별조치령에의하여수용ㆍ사용된토지의정리에관한특별조치법,법률,91389
경찰복제에관한규칙,행정안전부령,239097
한국지방행정연구원육성법,시행령,227985
한국지방행정연구원육성법,법률,195120
외교부와그소속기관직제,시행규칙,285089
외교부와그소속기관직제,대통령령,284625
경륜ㆍ경정법,시행규칙,242495
경륜ㆍ경정법,시행령,263871
경륜ㆍ경정법,법률,253533
형사소송비용등에관한규칙,대법원규칙,243591
군인등의특수근무수당에관한규칙,국방부령,273671
지뢰피해자지원에관한특별법,시행령,277685
지뢰피해자지원에관한특별법,법률,208452
부가가치세법,시행규칙,284995
부가가치세법,시행령,283641
부가가치세법,법률,280351
특허법,조선총독부법률,68131
특허법,시행규칙,279095
특허법,시행령,277553
특허법,법률,279827
특허법,군정법령,63131
헌법재판소사건의접수에관한규칙,헌법재판소규칙,241085
공증사무이의신청사건의처리에관한규칙,법무부령,240209
해외이주법,시행규칙,261985
해외이주법,시행령,267801
해외이주법,법률,249271
폐기물관리법,시행규칙,285237
폐기물관리법,시행령,284591
폐기물관리법,법률,284397
고용노동부소관비상대비에관한법률,시행규칙,246209
군인명예전역수당지급규정,대통령령,281481
노동위원회법,법률(법률),232203
노동위원회법,시행규칙,173125
노동위원회법,시행령,267225
노동위원회법,법률,153
산림청과그소속기관직제,시행규칙,283829
산림청과그소속기관직제,대통령령,283539
복권및복권기금법,시행령,284755
복권및복권기금법,법률,276115
헌법재판소사무처행정심판위원회규칙,헌법재판소규칙,233451
공무원노동조합관련해직공무원등의복직등에관한특별법에의한인사사무처리규칙,대법원규칙,232069
낚시관리및육성법,시행규칙,253369
낚시관리및육성법,시행령,284701
낚시관리및육성법,법률,267435
자동차등록규칙,교통부령,285759
행정소송규칙,대법원규칙,260689
해병사단령,대통령령,205326
지적재조사에관한특별법,시행규칙,241701
지적재조사에관한특별법,시행령,269013
지적재조사에관한특별법,법률,277027
항만인력공급체제의개편을위한지원특별법,시행령,278025
항만인력공급체제의개편을위한지원특별법,법률,183706
별정우체국법,시행규칙,280191
별정우체국법,시행령,272645
별정우체국법,법률,260219
국제선박등록법,시행규칙,213447
국제선박등록법,시행령,213225
국제선박등록법,법률,206734
소상공인보호및지원에관한법률,시행규칙,279069
소상공인보호및지원에관한법률,시행령,281335
소상공인보호및지원에관한법률,법률,281985
사학기관재무ㆍ회계규칙에대한특례규칙,교육부령,251375
행복일터가꾸기위원회의설치ㆍ운영에관한규칙,중앙선거관리위원회규칙,199208
검사적격심사위원회규정,대통령령,125246
국방출판지원단령,대통령령,234233
위험물철도운송규칙,건설교통부령,261947
즉결심판청구취소절차에관한규칙,대법원규칙,152806
등대유산보존및활용에관한법률,시행규칙,268945
등대유산보존및활용에관한법률,시행령,268329
등대유산보존및활용에관한법률,법률,259269
의료기관세탁물관리규칙,보건복지부령,283867
한국산업인력공단법,시행령,283187
한국산업인력공단법,법률,279745
중국산플로트판유리에대한덤핑방지관세부과에관한규칙,기획재정부령(기획재정부령),241733
중국산플로트판유리에대한덤핑방지관세부과에관한규칙,기획재정부령,113643
원자력진흥법,시행령,225213
원자력진흥법,법률,283881
탐색구조본부의구성및운영규칙,국방부령,124851
국제민사사법공조법,법률,136693
전공의의수련환경개선및지위향상을위한법률,시행규칙,283603
전공의의수련환경개선및지위향상을위한법률,시행령,285051
전공의의수련환경개선및지위향상을위한법률,법률,281943
대한민국재외공관설치법,법률,216173
법원보안관리대의설치,조직및분장사무등에관한규칙,대법원규칙,166321
상호저축은행법,시행규칙,259343
상호저축은행법,시행령,280533
상호저축은행법,법률,284129
긴급구조대응활동및현장지휘에관한규칙,행정안전부령,272677
재외공관의분관ㆍ출장소의명칭ㆍ위치및관할구역등에관한규칙,외교부령,256397
헌법재판소참고인비용지급에관한규칙,헌법재판소규칙,285845
재외국민보호를위한영사조력법,시행규칙,228731
재외국민보호를위한영사조력법,시행령,281459
재외국민보호를위한영사조력법,법률,231661
직업안정법,시행규칙,263203
직업안정법,시행령,284877
직업안정법,법률,259231
국세징수법,시행규칙,284983
국세징수법,시행령,283487
국세징수법,법률,280377
국세징수법,군정법령,67478
성균관ㆍ향교ㆍ서원전통문화의계승ㆍ발전및지원에관한법률,시행령,281081
성균관ㆍ향교ㆍ서원전통문화의계승ㆍ발전및지원에관한법률,법률,252867
군검찰및군사법경찰관리의개인정보처리에관한규정,대통령령,243613
도로의유지ㆍ보수등에관한규칙,국토교통부령,201718
헌법재판소표창등에관한규칙,헌법재판소규칙,267469
예비군육성ㆍ지원에관한규칙,국방부령,236551
초ㆍ중등교육법,시행규칙,284493
초ㆍ중등교육법,시행령,285453
초ㆍ중등교육법,법률,283903
기업활력제고를위한특별법,시행령,281113
기업활력제고를위한특별법,법률,281885
대한민국학술원명예회원선임등에관한규정,대통령령,135664
노후계획도시정비및지원에관한특별법,시행규칙,262111
노후계획도시정비및지원에관한특별법,시행령,285585
노후계획도시정비및지원에관한특별법,법률,283189
대도시권광역교통위원회직제,시행규칙,269409
대도시권광역교통위원회직제,대통령령,269309
자연공원법,시행규칙,278977
자연공원법,시행령,281205
자연공원법,법률,276781
탄소흡수원유지및증진에관한법률,시행규칙,271543
탄소흡수원유지및증진에관한법률,시행령,281739
탄소흡수원유지및증진에관한법률,법률,255825
검찰보존사무규칙,법무부령,265295
국방통합데이터센터령,대통령령,199818
대형가속기구축및지원에관한법률,시행령,273711
대형가속기구축및지원에관한법률,법률,269941
합성생물학육성법,시행규칙,285621
합성생물학육성법,시행령,285555
합성생물학육성법,법률,276255
과학기술정보통신부및우주항공청소관비영리법인의설립및감독에관한규칙,과학기술정보통신부령,265425
양식산업발전법,시행규칙,266631
양식산업발전법,시행령,272985
양식산업발전법,법률,285151
민사및가사소송의사물관할에관한규칙,대법원규칙,248019
인성교육진흥법,시행규칙,177277
인성교육진흥법,시행령,280961
인성교육진흥법,법률,276187
특수의료장비의설치및운영에관한규칙,보건복지부령,267745
공직자윤리법의시행에관한국회규칙,국회규칙,280699
어음법,법률,103947
기후에너지환경부및기상청소관비영리법인의설립과감독에관한규칙,기후에너지환경부령,279045
법관의보수에관한법률,법률,121952
법인의등기사항등에관한특례규칙,대법원규칙,266773
헌법재판소기록물관리규칙,헌법재판소규칙,239199
보조금관리에관한법률,시행령,282433
보조금관리에관한법률,법률,276113
동의대사건희생자의명예회복및보상에관한법률,시행령,281359
동의대사건희생자의명예회복및보상에관한법률,법률,277165
재외동포청직제,시행규칙,285239
재외동포청직제,대통령령,284633
공인회계사법,시행규칙,273111
공인회계사법,시행령,271153
공인회계사법,법률,258791
보훈기금법,시행규칙,263415
보훈기금법,시행령,281547
보훈기금법,법률,248551
가사소송규칙,대법원규칙,283111
산업통상부장관소관비영리법인의설립및감독에관한규칙,산업통상부령,278735
출국대기실운영규칙,법무부령,245863
고위공직자범죄수사처장후보추천위원회의운영등에관한규칙,국회규칙,221033
정당사무관리규칙,중앙선거관리위원회규칙,282131
방첩업무규정,대통령령,281401
국민기초생활보장법,시행규칙,269175
국민기초생활보장법,시행령,281585
국민기초생활보장법,법률,276653
병역법,시행규칙,273859
병역법,시행령,281725
병역법,법률,283699
부도공공건설임대주택임차인보호를위한특별법,시행령,185425
부도공공건설임대주택임차인보호를위한특별법,법률,174491
소상공인기본법,시행령,282975
소상공인기본법,법률,280155
대중문화예술산업발전법,시행규칙,273673
대중문화예술산업발전법,시행령,273025
대중문화예술산업발전법,법률,270187
새마을금고법,시행규칙,272653
새마을금고법,시행령,272995
새마을금고법,법률,268095
학교용지확보등에관한특례법,시행령,278277
학교용지확보등에관한특례법,법률,267343
역사문화권정비등에관한특별법,시행규칙,262759
역사문화권정비등에관한특별법,시행령,281737
역사문화권정비등에관한특별법,법률,260497
법원정보공개규칙,대법원규칙,232369
전자상거래등에서의소비자보호에관한법률,시행규칙,269067
전자상거래등에서의소비자보호에관한법률,시행령,269055
전자상거래등에서의소비자보호에관한법률,법률,282793
항만시설관리권등록령,시행규칙,247881
항만시설관리권등록령,대통령령,245753
건전가정의례의정착및지원에관한법률,시행령,125100
건전가정의례의정착및지원에관한법률,법률,276871
정치자금법,법률,285595
의약품등의안전에관한규칙,총리령,284019
후견등기에관한규칙,대법원규칙,232357
화물자동차운수사업법,시행규칙,282123
화물자동차운수사업법,시행령,279281
화물자동차운수사업법,법률,284427
동ㆍ서ㆍ남해안및내륙권발전특별법,시행규칙,210058
동ㆍ서ㆍ남해안및내륙권발전특별법,시행령,281659
동ㆍ서ㆍ남해안및내륙권발전특별법,법률,276985
영산강ㆍ섬진강수계물관리및주민지원등에관한법률,시행규칙,282051
영산강ㆍ섬진강수계물관리및주민지원등에관한법률,시행령,278577
영산강ㆍ섬진강수계물관리및주민지원등에관한법률,법률,284137
수표법적용시은행과동일시되는사람또는시설의지정에관한규정,대통령령,187295
지하수법,시행규칙,279935
지하수법,시행령,284875
지하수법,법률,276791
대한무역투자진흥공사법,시행령,281117
대한무역투자진흥공사법,법률,276493
하천법,시행규칙,279021
하천법,시행령,280767
하천법,법률,284435
세무사법,시행규칙,284985
세무사법,시행령,280863
세무사법,법률,280355
아동의빈곤예방및지원등에관한법률,시행규칙,126914
아동의빈곤예방및지원등에관한법률,시행령,256073
아동의빈곤예방및지원등에관한법률,법률,276669
북한이탈주민의보호및정착지원에관한법률,시행규칙,280245
북한이탈주민의보호및정착지원에관한법률,시행령,280977
북한이탈주민의보호및정착지원에관한법률,법률,283937
국민투표법,시행령,227305
국민투표법,법률,284147
국무조정실과그소속기관직제,대통령령(대통령령),283773
국무조정실과그소속기관직제,대통령령,85519
선거관리위원회별정직공무원규칙,중앙선거관리위원회규칙,146865
주택임대차보호법,시행령,280995
주택임대차보호법,법률,276291
지방자치분권및지역균형발전에관한특별법,시행령,280903
지방자치분권및지역균형발전에관한특별법,법률,284105
철도건설규칙,건설교통부령,270629
중소기업창업지원법,시행규칙,282421
중소기업창업지원법,시행령,284871
중소기업창업지원법,법률,281995
정부대표및특별사절의임명과권한에관한법률,법률,276265
특수학교시설ㆍ설비기준령,대통령령,284895
대통령직인수에관한법률시행령,대통령령,281513
한국교직원공제회법,법률,283423
진로교육법,시행규칙,256321
진로교육법,시행령,269763
진로교육법,법률,234005
군형법,법률,235555
산지관리법,시행규칙,279521
산지관리법,시행령,283175
산지관리법,법률,284371
독점규제및공정거래에관한법률,시행령,284737
독점규제및공정거래에관한법률,법률,277327
통일교육지원법,시행령,243293
통일교육지원법,법률,285149
해양수산정보의수집ㆍ관리및공동이용에관한규칙,해양수산부령,214719
물품관리법,시행규칙,282641
물품관리법,시행령,280849
물품관리법,법률,276107
지역개발및지원에관한법률,시행규칙,166212
지역개발및지원에관한법률,시행령,281673
지역개발및지원에관한법률,법률,261155
소방용품의품질관리등에관한규칙,행정안전부령,266249
국가보안법,법률,179033
우수물류기업의인증에관한규칙,국토교통부령,178855
교육부와그소속기관직제,시행규칙,283573
교육부와그소속기관직제,대통령령,283515
외무공무원법,법률,283935
시장접근물량증량에관한규칙,재정경제부령,282657
도로의구조ㆍ시설기준에관한규칙,국토교통부령,263977
낙동강수계물관리및주민지원등에관한법률,시행규칙,282043
낙동강수계물관리및주민지원등에관한법률,시행령,278509
낙동강수계물관리및주민지원등에관한법률,법률,276707
이산화탄소포집ㆍ수송ㆍ저장및활용에관한법률,시행규칙,278973
이산화탄소포집ㆍ수송ㆍ저장및활용에관한법률,시행령,285229
이산화탄소포집ㆍ수송ㆍ저장및활용에관한법률,법률,280027
문학진흥법,시행규칙,236881
문학진흥법,시행령,236797
문학진흥법,법률,268747
법인아닌사단ㆍ재단및외국인의부동산등기용등록번호부여절차에관한규정,시행규칙,247035
법인아닌사단ㆍ재단및외국인의부동산등기용등록번호부여절차에관한규정,대통령령,246563
대학교원자격기준등에관한규정,대통령령,284719
사학기관재무ㆍ회계규칙,교육부령,270757
병원체자원의수집ㆍ관리및활용촉진에관한법률,시행규칙,243271
병원체자원의수집ㆍ관리및활용촉진에관한법률,시행령,241237
병원체자원의수집ㆍ관리및활용촉진에관한법률,법률,238061
독립공채상환에관한특별조치법시행령,대통령령,280845
보건의료기술진흥법,시행규칙,264101
보건의료기술진흥법,시행령,282961
보건의료기술진흥법,법률,279703
사법발전을위한준비ㆍ실행위원회의설치및운영에관한규칙,대법원규칙,181554
공중화장실등에관한법률,시행규칙,269031
공중화장실등에관한법률,시행령,256031
공중화장실등에관한법률,법률,234021
지역산업위기대응및지역경제회복을위한특별법,시행령,281139
지역산업위기대응및지역경제회복을위한특별법,법률,276611
수산업법,시행규칙,285623
수산업법,시행령,285577
수산업법,법률,273641
청소년활동진흥법,시행규칙,285075
청소년활동진흥법,시행령,284945
청소년활동진흥법,법률,276909
선거관리위원회사무관리규칙,중앙선거관리위원회규칙,266865
도심항공교통활용촉진및지원에관한법률,시행규칙,262109
도심항공교통활용촉진및지원에관한법률,시행령,269005
도심항공교통활용촉진및지원에관한법률,법률,276983
방송통신설비의기술기준에관한규정,대통령령,263865
과학ㆍ수학ㆍ정보교육진흥법,시행령,281435
과학ㆍ수학ㆍ정보교육진흥법,법률,198221
해외건설촉진법,시행규칙,235151
해외건설촉진법,시행령,284913
해외건설촉진법,법률,277053
공유재산및물품관리법,시행령,281027
공유재산및물품관리법,법률,258477
토지개발등기규칙,대법원규칙,205389
한국전문대학교육협의회법,법률,208436
선거관리위원회공무원인사기록및인사사무처리규칙,중앙선거관리위원회규칙,269379
석재산업진흥에관한법률,시행규칙,260643
석재산업진흥에관한법률,시행령,270105
석재산업진흥에관한법률,법률,253981
이륜자동차검사의시행등에관한규칙,국토교통부령,270979
한국공항공사법,시행령,268427
한국공항공사법,법률,273393
공직자의이해충돌방지법,시행령,281815
공직자의이해충돌방지법,법률,232253
지방연구직및지도직공무원의임용등에관한규정,대통령령,284503
공직자의이해충돌방지법의시행에관한헌법재판소규칙,헌법재판소규칙,245671
국회입법조사처법,법률,228669
국군조직법제9조제3항에따른전투를주임무로하는각군의작전부대등에관한규정,대통령령,264605
한국산업안전보건공단법,시행령,268455
한국산업안전보건공단법,법률,279743
수상에서의수색ㆍ구조등에관한법률,시행규칙,280643
수상에서의수색ㆍ구조등에관한법률,시행령,280303
수상에서의수색ㆍ구조등에관한법률,법률,267421
공공기관의갈등예방과해결에관한규정,시행규칙,283205
공공기관의갈등예방과해결에관한규정,대통령령,180048
가축및축산물이력관리에관한법률,시행규칙,250601
가축및축산물이력관리에관한법률,시행령,212349
가축및축산물이력관리에관한법률,법률,241933
이러닝(전자학습)산업발전및이러닝활용촉진에관한법률,시행규칙,278765
이러닝(전자학습)산업발전및이러닝활용촉진에관한법률,시행령,278411
이러닝(전자학습)산업발전및이러닝활용촉진에관한법률,법률,281895
가상융합산업진흥법,시행규칙,265103
가상융합산업진흥법,시행령,265063
가상융합산업진흥법,법률,260801
주민소환에관한법률,시행령,177920
주민소환에관한법률,법률,228577
제주특별자치도설치및국제자유도시조성을위한특별법,시행령,281043
제주특별자치도설치및국제자유도시조성을위한특별법,법률,285627
습지보전법,시행규칙,278951
습지보전법,시행령,278569
습지보전법,법률,276763
경제관계장관회의규정,대통령령,280781
어업자원보호법시행령,대통령령,247665
국방정보화기반조성및국방정보자원관리에관한법률,시행규칙,282577
국방정보화기반조성및국방정보자원관리에관한법률,시행령,282461
국방정보화기반조성및국방정보자원관리에관한법률,법률,268033
공공외교법,시행령,280969
공공외교법,법률,249267
부동산가격공시에관한법률,시행규칙,241621
부동산가격공시에관한법률,시행령,281273
부동산가격공시에관한법률,법률,219361
기후에너지환경부소관비상대비자원관리법,시행규칙,279047
전기공사공제조합법시행령,대통령령,278419
청년고용촉진특별법,시행령(대통령령),281229
청년고용촉진특별법,시행령,186339
청년고용촉진특별법,법률,284459
사이버작전사령부령,대통령령,207865
물의재이용촉진및지원에관한법률,시행규칙,279837
물의재이용촉진및지원에관한법률,시행령,279547
물의재이용촉진및지원에관한법률,법률,276737
국가과학기술경쟁력강화를위한이공계지원특별법,시행령,282929
국가과학기술경쟁력강화를위한이공계지원특별법,법률,285195
송유관안전관리법,시행규칙,278749
송유관안전관리법,시행령,278379
군검찰단의조직에관한규정,대통령령,241419
교정공무원복제규칙,법무부령,258001
소방재정지원및시ㆍ도소방특별회계설치법,시행령,221849
소방재정지원및시ㆍ도소방특별회계설치법,법률,228561
대일항쟁기강제동원피해조사및국외강제동원희생자등지원에관한특별법,시행령,266357
대일항쟁기강제동원피해조사및국외강제동원희생자등지원에관한특별법,법률,204775
한국해양수산연수원법,시행령,94993
한국해양수산연수원법,법률,169529
취업후학자금상환특별법,시행규칙,263565
취업후학자금상환특별법,시행령,285731
취업후학자금상환특별법,법률,283419
남북관계발전에관한법률,시행규칙,76085
남북관계발전에관한법률,시행령,280973
남북관계발전에관한법률,법률,258011
사회복지공동모금회법,시행규칙,183954
사회복지공동모금회법,법률,281925
선거관리위원회기능연속성계획수립및시행에관한규칙,선거관리위원회규칙,241647
기후ㆍ기후변화감시및예측등에관한법률,시행규칙,279343
기후ㆍ기후변화감시및예측등에관한법률,시행령,281363
기후ㆍ기후변화감시및예측등에관한법률,법률,284329
개별소비세법,시행규칙,284605
개별소비세법,시행령,285781
개별소비세법,법률,281901
주민소환관리규칙,중앙선거관리위원회규칙,268671
채무자회생및파산에관한법률,시행령,263089
채무자회생및파산에관한법률,법률,267359
통일부소관비영리법인의설립및감독에관한규칙,통일부령,178333
지하공공보도시설의결정ㆍ구조및설치기준에관한규칙,국토해양부령,247763
지방자치단체에두는고위공무원단직위의직무등급표시에관한규칙,행정자치부령,196190
식품의약품안전처소관비상대비에관한법률,시행규칙,248289
군용항공기비행안전성인증에관한법률,시행규칙,210945
군용항공기비행안전성인증에관한법률,시행령,244197
군용항공기비행안전성인증에관한법률,법률,258705
전기공사공제조합법,법률,280037
군사학교각종증명수수료규칙,국방부령,113802
도시와농어촌간의교류촉진에관한법률,시행규칙,282403
도시와농어촌간의교류촉진에관한법률,시행령,282537
도시와농어촌간의교류촉진에관한법률,법률,267363
독도의지속가능한이용에관한법률,시행령,281681
독도의지속가능한이용에관한법률,법률,152056
씨름진흥법,시행령,124663
씨름진흥법,법률,231331
군위탁생규정,시행규칙,231889
군위탁생규정,대통령령,266145
본인서명사실확인등에관한법률,시행령,266797
본인서명사실확인등에관한법률,법률,257213
관공서의공휴일에관한규정,대통령령,285779
고위공직자범죄수사처설치및운영에관한법률,법률,279753
대한지방행정공제회법,법률,257199
주류제조관리사에관한규칙,기획재정부령,192338
법원보관금취급규칙,대법원규칙,285233
감사원운영규칙,감사원규칙,259021
모자보건법,시행규칙,283857
모자보건법,시행령,272453
모자보건법,법률,279669
청원법,시행규칙,238221
청원법,시행령,238119
청원법,법률,224695
지방공무원의구분변경에따른전직임용등에관한특례규정,대통령령,271407
울산과학기술원법,시행령,278231
울산과학기술원법,법률,276239
과학기술관계장관회의규정,대통령령,280921
사법보좌관규칙,대법원규칙,283807
공적자금관리특별법,시행령,256365
공적자금관리특별법,법률,277237
집회및시위에관한법률,시행규칙,264625
집회및시위에관한법률,시행령,284879
집회및시위에관한법률,법률,283703
공공데이터의제공및이용활성화에관한법률,시행규칙,255975
공공데이터의제공및이용활성화에관한법률,시행령,281025
공공데이터의제공및이용활성화에관한법률,법률,283737
지방세특례제한법,시행규칙,282707
지방세특례제한법,시행령,283633
지방세특례제한법,법률,282551
광융합기술개발및기반조성지원에관한법률,시행령,281105
광융합기술개발및기반조성지원에관한법률,법률,276471
산림문화ㆍ휴양에관한법률,시행규칙,279517
산림문화ㆍ휴양에관한법률,시행령,280573
산림문화ㆍ휴양에관한법률,법률,267329
국가표준기본법,시행령,283771
국가표준기본법,법률,283385
개성공업지구지원에관한법률,시행규칙,174784
개성공업지구지원에관한법률,시행령,281465
개성공업지구지원에관한법률,법률,284339
결정서ㆍ사건기록및심판사무관련장부의보존등에관한규칙,헌법재판소규칙,261639
대학등의정원외위탁학생에관한규칙,교육과학기술부령,217615
실종아동등의보호및지원에관한법률,시행규칙,175133
실종아동등의보호및지원에관한법률,시행령,273463
실종아동등의보호및지원에관한법률,법률,279713
교통사고처리특례법,시행령,227259
교통사고처리특례법,법률,268077
후천성면역결핍증예방법,시행규칙,270539
후천성면역결핍증예방법,시행령,221723
후천성면역결핍증예방법,법률,220905
환경친화적선박의개발및보급촉진에관한법률,시행규칙,213121
환경친화적선박의개발및보급촉진에관한법률,시행령,281703
환경친화적선박의개발및보급촉진에관한법률,법률,277107
문화산업진흥기본법,시행규칙,261959
문화산업진흥기본법,시행령,270735
문화산업진흥기본법,법률,277331
직업교육훈련촉진법,시행령,278273
직업교육훈련촉진법,법률,276195
극지활동진흥법,시행규칙,236101
극지활동진흥법,시행령,235839
극지활동진흥법,법률,231495
해양경찰법,법률,268817
장애인등에대한특수교육법,시행규칙,272431
장애인등에대한특수교육법,시행령,284839
장애인등에대한특수교육법,법률,276191
2018평창동계올림픽대회및동계패럴림픽대회지원등에관한특별법,시행령,281065
2018평창동계올림픽대회및동계패럴림픽대회지원등에관한특별법,법률,265869
교섭단체정책연구위원임용등에관한규칙,국회규칙,218653
국가유공자등단체설립에관한법률,시행규칙,279501
국가유공자등단체설립에관한법률,시행령,236049
국가유공자등단체설립에관한법률,법률,283429
선원노동위원회규정,각령,267243
민사판결서열람및복사에관한규칙,대법원규칙,245683
공무원인사운영에관한특례규정,대통령령,280215
도로표지규칙,건설부령,283563
정부청사관리규정,시행규칙,235339
정부청사관리규정,대통령령,281041
매장문화재보호및조사에관한법률,법률,277171
상업등기규칙,대법원규칙,266849
대한민국국기법,시행령,195596
대한민국국기법,법률,150692
이북5도등에관한특별조치법,법률,251461
특정국가와의관세협상에따른국제협력관세의적용에관한규정,대통령령,267759
교육공무원임용후보자선정경쟁시험규칙,교육인적자원부령,266385
한국보건산업진흥원법,시행령,281177
한국보건산업진흥원법,법률,276689
공군항공과학고등학교설치법,시행령,209618
공군항공과학고등학교설치법,법률,192430
예산성과금규정,대통령령,281413
말레이시아산합판에대한덤핑방지관세부과에관한규칙,기획재정부령(기획재정부령),263789
말레이시아산합판에대한덤핑방지관세부과에관한규칙,기획재정부령,110423
실종아동등의발견및유전자검사등에관한규칙,행정자치부령,265597
환경친화적자동차의개발및보급촉진에관한법률,시행규칙,278795
환경친화적자동차의개발및보급촉진에관한법률,시행령,278487
환경친화적자동차의개발및보급촉진에관한법률,법률,283991
전자무역촉진에관한법률,시행규칙,278775
전자무역촉진에관한법률,시행령,284853
전자무역촉진에관한법률,법률,276599
국고금관리법등의위임사항등에관한규칙,대법원규칙,273617
감사원개방형직위및공모직위의운영등에관한규칙,감사원규칙,222733
발전소주변지역지원에관한법률,시행규칙,278919
발전소주변지역지원에관한법률,시행령,281193
발전소주변지역지원에관한법률,법률,276507
대통령경호안전대책위원회규정,대통령령,245117
자전거이용활성화에관한법률,시행규칙,279393
자전거이용활성화에관한법률,시행령,273473
자전거이용활성화에관한법률,법률,247235
법관인사위원회규칙,대법원규칙,158511
상급종합병원의지정및평가에관한규칙,보건복지부령,266291
전기ㆍ전자제품및자동차의자원순환에관한법률,시행규칙,282055
전기ㆍ전자제품및자동차의자원순환에관한법률,시행령,284849
전기ㆍ전자제품및자동차의자원순환에관한법률,법률,284411
공무원임용령,대통령령,285403
국가유산청과그소속기관직제,시행규칙,283575
국가유산청과그소속기관직제,대통령령,281807
불공정무역행위조사및산업피해구제에관한법률,시행령,281837
불공정무역행위조사및산업피해구제에관한법률,법률,283925
중국및대만산석유수지에대한덤핑방지관세부과에관한규칙,기획재정부령,273137
개인금융채권의관리및개인금융채무자의보호에관한법률,시행령,278137
개인금융채권의관리및개인금융채무자의보호에관한법률,법률,277235
첨단바이오의약품안전및지원에관한규칙,총리령,271621
부재선고등에관한특별조치법시행령,대통령령,108530
독학에의한학위취득에관한법률,시행규칙,257907
독학에의한학위취득에관한법률,시행령,175171
독학에의한학위취득에관한법률,법률,169467
여수ㆍ순천10ㆍ19사건진상규명및희생자명예회복에관한특별법,시행령,277745
여수ㆍ순천10ㆍ19사건진상규명및희생자명예회복에관한특별법,법률,284135
보안업무규정,대통령령,278183
몰수금품등처리에관한임시특례법시행령,각령,243619
낙동강수계관리위원회규정,대통령령,262929
국방첨단과학기술사관학교설치법,시행령,282789
국방첨단과학기술사관학교설치법,법률,258697
물순환촉진및지원에관한법률,시행규칙,278911
물순환촉진및지원에관한법률,시행령,278539
물순환촉진및지원에관한법률,법률,276735
후계농어업인및청년농어업인육성ㆍ지원에관한법률,시행규칙,235913
후계농어업인및청년농어업인육성ㆍ지원에관한법률,시행령,232123
후계농어업인및청년농어업인육성ㆍ지원에관한법률,법률,285161
한국보건의료인국가시험원법,시행령,205115
한국보건의료인국가시험원법,법률,202605
사면법,시행규칙,86357
사면법,법률,235557
지방교부세법,시행규칙,282727
지방교부세법,시행령,266949
지방교부세법,법률,284101
국가연구개발사업등의성과평가및성과관리에관한법률,시행령,270435
국가연구개발사업등의성과평가및성과관리에관한법률,법률,255639
소방안전교부세교부기준등에관한규칙,행정안전부령,245809
야생생물보호및관리에관한법률,시행규칙,280311
야생생물보호및관리에관한법률,시행령,282985
야생생물보호및관리에관한법률,법률,279791
감사원소관비영리법인의설립및감독에관한규칙,감사원규칙,173065
해양사고의조사및심판에관한법률,시행규칙,260125
해양사고의조사및심판에관한법률,시행령,267283
해양사고의조사및심판에관한법률,법률,254905
형사사법절차에서의전자문서이용등에관한규칙,대법원규칙,271487
전문의의수련및자격인정등에관한규정,시행규칙,265119
전문의의수련및자격인정등에관한규정,대통령령,265045
지속가능한기반시설관리기본법,시행규칙,282383
지속가능한기반시설관리기본법,시행령,281293
지속가능한기반시설관리기본법,법률,237427
사립학교법,시행령,280457
사립학교법,법률,279625
정부기업예산법,시행령,280887
정부기업예산법,법률,276143
사회기반시설에대한민간투자법,시행령,285447
사회기반시설에대한민간투자법,법률,284361
공무원성과평가등에관한규정,대통령령,284169
특별검사의임명등에관한법률,시행령,155664
특별검사의임명등에관한법률,법률,242101
화훼산업발전및화훼문화진흥에관한법률,시행규칙,221113
화훼산업발전및화훼문화진흥에관한법률,시행령,220981
화훼산업발전및화훼문화진흥에관한법률,법률,270779
법제업무운영규정,시행규칙,282265
법제업무운영규정,대통령령,285173
전쟁기념사업회법,법률,248505
효행장려및지원에관한법률,시행규칙,203336
효행장려및지원에관한법률,시행령,203319
효행장려및지원에관한법률,법률,199536
공중보건장학을위한특례법,시행규칙,270605
공중보건장학을위한특례법,시행령,256029
공중보건장학을위한특례법,법률,265325
유엔참전용사의명예선양등에관한법률,시행령,264247
유엔참전용사의명예선양등에관한법률,법률,248555
공무원여비규정,대통령령,282471
고용정책기본법,시행규칙,256495
고용정책기본법,시행령,281221
고용정책기본법,법률,276847
육군정보학교령,대통령령(대통령령),273557
육군정보학교령,대통령령,24708
법관및법원공무원명예퇴직수당등지급규칙,대법원규칙,283811
건축법,시행규칙,283727
건축법,시행령,277917
건축법,법률,276925
국회의원의보좌직원과수당등에관한법률,법률,238915
부동산서비스산업진흥법,시행규칙,266399
부동산서비스산업진흥법,시행령,281275
부동산서비스산업진흥법,법률,280103
내수면가두리양식어업면허기간연장불허에따른손실보상에관한특별법,시행규칙,261739
내수면가두리양식어업면허기간연장불허에따른손실보상에관한특별법,시행령,261623
내수면가두리양식어업면허기간연장불허에따른손실보상에관한특별법,법률,273683
국제재판부의설치및운영에관한규칙,대법원규칙,203633
진단용방사선발생장치의안전관리에관한규칙,보건복지부령,272877
소방공무원복제규칙,행정안전부령,253079
의료기기유통및판매질서유지에관한규칙,보건복지부령,269063
한국예술종합학교설치령,대통령령,281769
국회미래연구원법,법률,199561
국립묘지의설치및운영에관한법률,시행규칙,273535
국립묘지의설치및운영에관한법률,시행령,269337
국립묘지의설치및운영에관한법률,법률,260765
가족관계의등록등에관한규칙,대법원규칙,272659
소액사건심판법,법률,284421
과학기술정보통신부소관비상대비에관한법률,시행규칙,255981
육군학생군사학교령,대통령령,204290
대한민국재향군인회법,시행규칙,272801
대한민국재향군인회법,시행령,258355
대한민국재향군인회법,법률,276371
농림어업총조사규칙,재정경제부령,280205
재외공관무관주재령,시행규칙,204045
재외공관무관주재령,대통령령,281495
대안학교의설립ㆍ운영에관한규정,대통령령,284717
이집트산백색시멘트에대한덤핑방지관세부과에관한규칙,기획재정부령,262217
검사와사법경찰관의상호협력과일반적수사준칙에관한규정,대통령령,255305
아동복지법,시행규칙,285425
아동복지법,시행령,281591
아동복지법,법률,283201
법관및법원공무원수당등에관한규칙,대법원규칙,283105
엽연초생산협동조합법시행령,대통령령,280875
몰수금품등처리에관한임시특례법,법률,205811
경북ㆍ경남ㆍ울산초대형산불피해구제및지원등을위한특별법,시행령,283031
경북ㆍ경남ㆍ울산초대형산불피해구제및지원등을위한특별법,법률,279289
건설기계안전기준에관한규칙,건설교통부령,285297
게임산업진흥에관한법률,시행규칙,279203
게임산업진흥에관한법률,시행령,284663
게임산업진흥에관한법률,법률,270597
할부거래에관한법률,시행규칙,258617
할부거래에관한법률,시행령,254701
할부거래에관한법률,법률,260029
해운법,시행규칙,260127
해운법,시행령,281329
해운법,법률,277103
생물다양성보전및이용에관한법률,시행규칙,278927
생물다양성보전및이용에관한법률,시행령,281601
생물다양성보전및이용에관한법률,법률,279787
동물용의약품등취급규칙,농림부령,279531
법원기록물관리규칙,대법원규칙,280741
월드컵기장령,대통령령,209735
수형자등호송규정,대통령령,227647
농업생산기반정비등기규칙,대법원규칙,117386
한국과학기술원학사규정,대통령령,278245
자동차관리의특례에관한규칙,건설교통부령,269363
검사징계법,법률,271559
부정청탁및금품등수수의금지에관한법률,시행령,281817
부정청탁및금품등수수의금지에관한법률,법률,268655
국회예산정책처법,법률,228667
국제금융기구에의가입조치에관한법률,시행령,285719
국제금융기구에의가입조치에관한법률,법률,276089
국회세종의사당의설치및운영등에관한규칙,국회규칙,279335
국방ㆍ군사시설이전특별회계법,법률,199083
특정중대범죄피의자등신상정보공개에관한법률,시행령,259309
특정중대범죄피의자등신상정보공개에관한법률,법률,255431
학교건강검사규칙,교육인적자원부령,269791
울산광역시설치등에관한법률,법률,2516
소비자생활협동조합법,시행규칙,279211
소비자생활협동조합법,시행령,284783
소비자생활협동조합법,법률,270419
국제상거래에있어서외국공무원에대한뇌물방지법,법률,235999
학교밖청소년지원에관한법률,시행규칙,284569
학교밖청소년지원에관한법률,시행령,284963
학교밖청소년지원에관한법률,법률,276911
해양경찰청과그소속기관직제,대통령령(대통령령),284601
해양경찰청과그소속기관직제,시행규칙,163963
해양경찰청과그소속기관직제,시행규칙(해양수산부령),285035
해양경찰청과그소속기관직제,대통령령,163581
인체조직안전에관한규칙,총리령,282283
국민과함께하는사법발전위원회규칙,대법원규칙,201973
특허권의수용ㆍ실시등에관한규정,대통령령,277551
국가보증채무관리규칙,기획재정부령,282609
경찰수사규칙,행정안전부령,279215
보양온천의지정및관리에관한규칙,행정안전부령,265607
사립학교교직원학자금대여사업위탁관리규칙,교육인적자원부령,210518
에너지및자원사업특별회계법,시행령,284511
에너지및자원사업특별회계법,법률,276553
오존층보호등을위한특정물질의관리에관한법률,시행규칙,278757
오존층보호등을위한특정물질의관리에관한법률,시행령,280761
오존층보호등을위한특정물질의관리에관한법률,법률,283977
나라문장규정,대통령령,119766
외무공무원의승격에관한규칙,외교통상부령,279153
식품의약품안전처와그소속기관직제,시행규칙,285017
식품의약품안전처와그소속기관직제,대통령령,284621
해저광물자원개발법,시행규칙,278789
해저광물자원개발법,시행령,281151
해저광물자원개발법,법률,276641
주민투표법,법률,241921
군검사와군사법경찰관의수사준칙에관한규정,대통령령,241179
관세법제69조에따른조정관세의적용에관한규정,대통령령(대통령령),280771
관세법제69조에따른조정관세의적용에관한규정,대통령령,82353
대통령비서실직제,대통령령(대통령령),265271
대통령비서실직제,대통령령,85524
수목원ㆍ정원의조성및진흥에관한법률,시행규칙,272429
수목원ㆍ정원의조성및진흥에관한법률,시행령,284787
수목원ㆍ정원의조성및진흥에관한법률,법률,285157
의약품등의제조업및수입자의시설기준령,시행규칙,257929
의약품등의제조업및수입자의시설기준령,대통령령,236195
재외국민의교육지원등에관한법률,시행규칙,233885
재외국민의교육지원등에관한법률,시행령,238087
재외국민의교육지원등에관한법률,법률,273357
악취방지법,시행규칙,285055
악취방지법,시행령,278573
악취방지법,법률,276767
아동보호심판규칙,대법원규칙,271517
공탁금의이자에관한규칙,대법원규칙,244753
부산광역시부산진구와연제구의관할구역변경에관한규정,대통령령,176775
중소기업기본법,시행령,281337
중소기업기본법,법률,284447
성평등가족부직제,시행규칙,285033
성평등가족부직제,대통령령,284635
디자인보호법,시행규칙,280181
디자인보호법,시행령,279883
디자인보호법,법률,279817
보건의료인력지원법,시행규칙,210947
보건의료인력지원법,시행령,256531
보건의료인력지원법,법률,281923
국토교통부및그소속청소관비영리법인의설립및감독에관한규칙,국토교통부령,137671
국립공원공단법,시행령,278501
국립공원공단법,법률,280383
공직자윤리법의시행에관한중앙선거관리위원회규칙,중앙선거관리위원회규칙,283565
장애인복지법,시행규칙,282417
장애인복지법,시행령,281165
장애인복지법,법률,281941
국가공무원등직무발명의처분ㆍ관리및보상등에관한규정,시행규칙,279077
국가공무원등직무발명의처분ㆍ관리및보상등에관한규정,대통령령,277527
법무부와그소속기관직제,시행규칙,285077
법무부와그소속기관직제,대통령령,284627
자유무역협정의이행을위한관세법의특례에관한법률,시행규칙,285861
자유무역협정의이행을위한관세법의특례에관한법률,시행령,282485
자유무역협정의이행을위한관세법의특례에관한법률,법률,276141
등기정보자료의제공에관한규칙,대법원규칙,237185
공무원연금법,시행규칙,204700
공무원연금법,시행령,281715
공무원연금법,법률,277137
사이버대학설립ㆍ운영규정,대통령령,262737
수복지역내국유화된토지의매각및대부에관한사무처리규정,대통령령,280867
검찰압수물사무규칙,법무부령,262687
중소기업은행법,시행령,268411
중소기업은행법,법률,215965
국유재산법,시행규칙,282621
국유재산법,시행령,280819
국유재산법,법률,283349
정책보좌관의설치및운영에관한규정,대통령령,195983
울릉도ㆍ흑산도등국토외곽먼섬지원특별법,시행령,281533
울릉도ㆍ흑산도등국토외곽먼섬지원특별법,법률,258725
지진ㆍ지진해일ㆍ화산의관측및경보에관한법률,시행규칙,279345
지진ㆍ지진해일ㆍ화산의관측및경보에관한법률,시행령,281745
지진ㆍ지진해일ㆍ화산의관측및경보에관한법률,법률,277225
사방사업법,시행규칙,283213
사방사업법,시행령,283127
사방사업법,법률,268865
가사근로자의고용개선등에관한법률,시행규칙,243269
가사근로자의고용개선등에관한법률,시행령,267779
가사근로자의고용개선등에관한법률,법률,232959
고엽제가사용된남방한계선인접지역의범위에관한규칙,국방부령,36135
의료해외진출및외국인환자유치지원에관한법률,시행규칙,267953
의료해외진출및외국인환자유치지원에관한법률,시행령,263589
의료해외진출및외국인환자유치지원에관한법률,법률,279693
조경진흥법,시행규칙,179483
조경진흥법,시행령,204695
조경진흥법,법률,280139
중ㆍ저준위방사성폐기물처분시설의유치지역지원에관한특별법,시행규칙,279003
중ㆍ저준위방사성폐기물처분시설의유치지역지원에관한특별법,시행령,278443
중ㆍ저준위방사성폐기물처분시설의유치지역지원에관한특별법,법률,276605
전문약사의자격인정등에관한규정,대통령령,249471
헌법연구관인사규칙,헌법재판소규칙,201744
부산광역시북구와사상구의관할구역변경에관한규정,대통령령,210098
군사법원서기ㆍ군검찰수사관및검찰서기의전형에관한규칙,국방부령,247549
푸드테크산업육성에관한법률,시행규칙,280337
푸드테크산업육성에관한법률,시행령,283793
푸드테크산업육성에관한법률,법률,283407
표시ㆍ광고의공정화에관한법률,시행령,278131
표시ㆍ광고의공정화에관한법률,법률,268659
국민영양관리법,시행규칙,276029
국민영양관리법,시행령,255025
국민영양관리법,법률,257757
군인복지기금법,시행령,210807
군인복지기금법,법률,206020
전통사찰의보존및지원에관한법률,시행령,284855
전통사찰의보존및지원에관한법률,법률,260375
산업기술연구조합육성법,시행규칙,196134
산업기술연구조합육성법,시행령,206142
산업기술연구조합육성법,법률,203170
형사판결서등의열람및복사에관한규칙,대법원규칙,205383
형법,법률,284025
장애인고용촉진및직업재활법,시행규칙,282225
장애인고용촉진및직업재활법,시행령,283497
장애인고용촉진및직업재활법,법률,279737
부동산투자회사법,시행규칙,280165
부동산투자회사법,시행령,284757
부동산투자회사법,법률,271275
공공기관의정보공개에관한법률,시행규칙,273809
공공기관의정보공개에관한법률,시행령,281505
공공기관의정보공개에관한법률,법률,251019
인천광역시미추홀구와연수구의관할구역변경에관한규정,대통령령,271041
한국환경산업기술원법,시행령,278625
한국환경산업기술원법,법률,280387
토지이용규제기본법,시행규칙,241603
토지이용규제기본법,시행령,281297
토지이용규제기본법,법률,283679
다중이용업소의안전관리에관한특별법,시행규칙,279137
다중이용업소의안전관리에관한특별법,시행령,284711
다중이용업소의안전관리에관한특별법,법률,247231
국군간호사관학교설치법,시행령,285409
국군간호사관학교설치법,법률,231369
겨레말큰사전남북공동편찬사업회법,법률,238041
수산업ㆍ어촌공익기능증진을위한직접지불제도운영에관한법률,시행규칙,262231
수산업ㆍ어촌공익기능증진을위한직접지불제도운영에관한법률,시행령,272651
수산업ㆍ어촌공익기능증진을위한직접지불제도운영에관한법률,법률,277073
자유형등에관한검찰집행사무규칙,법무부령,254181
교원자격검정령,시행규칙,285245
교원자격검정령,대통령령,265627
동물보호법,시행규칙,282109
동물보호법,시행령,285633
동물보호법,법률,267325
지방공무원임용후보자장학규정,대통령령,237305
전기통신사업법,시행령,285721
전기통신사업법,법률,285185
안보침해범죄및활동등에관한대응업무규정,대통령령,257019
육군종합군수학교령,대통령령,273559
노인ㆍ장애인등사회복지시설의급식안전지원에관한법률,시행규칙,244041
노인ㆍ장애인등사회복지시설의급식안전지원에관한법률,시행령,260757
노인ㆍ장애인등사회복지시설의급식안전지원에관한법률,법률,253665
정부조직법,법률,285135
생활체육진흥법,시행령,243207
생활체육진흥법,법률,272859
문화유산위원회규정,대통령령,265171
치안분야과학기술진흥에관한규정,대통령령,236139
소방공무원특수지근무수당지급규칙,행정안전부령,270767
국세청과그소속기관직제,시행규칙,285031
국세청과그소속기관직제,대통령령,284923
정부보관금에관한법률,법률,276145
법교육지원법,시행령,277655
법교육지원법,법률,86411
지방교육행정기관예산성과금운영규칙,교육부령,239943
근현대문화유산의보존및활용에관한법률,시행규칙,279201
근현대문화유산의보존및활용에관한법률,시행령,275191
근현대문화유산의보존및활용에관한법률,법률,283675
산업입지및개발에관한법률,시행규칙,282033
산업입지및개발에관한법률,시행령,281279
산업입지및개발에관한법률,법률,284367
대기환경보전법,시행규칙,283605
대기환경보전법,시행령,284715
대기환경보전법,법률,284159
국민보호와공공안전을위한테러방지법,시행규칙,272963
국민보호와공공안전을위한테러방지법,시행령,281399
국민보호와공공안전을위한테러방지법,법률,253319
사립학교교원징계규칙,교육부령,224223
기업활동규제완화에관한특별조치법,시행규칙,278709
기업활동규제완화에관한특별조치법,시행령,278319
기업활동규제완화에관한특별조치법,법률,276485
세계무역기구협정등에의한양허관세규정,대통령령,280861
자치경찰사무와시ㆍ도자치경찰위원회의조직및운영등에관한규정,대통령령,267639
군복및군일용품지급규정,대통령령,187741
국가정보자료관리규정,대통령령,62646
우체국창구업무의위탁에관한법률,시행규칙,266987
우체국창구업무의위탁에관한법률,시행령,267107
우체국창구업무의위탁에관한법률,법률,195378
미래자동차부품산업의전환촉진및생태계육성에관한특별법,시행규칙,278715
미래자동차부품산업의전환촉진및생태계육성에관한특별법,시행령,283777
미래자동차부품산업의전환촉진및생태계육성에관한특별법,법률,283391
농어업인부채경감에관한특별조치법,법률,276421
법원행정처소관비영리법인의설립및감독에관한규칙,대법원규칙,161926
가족돌봄등위기아동ㆍ청년지원에관한법률,시행규칙,285235
가족돌봄등위기아동ㆍ청년지원에관한법률,시행령,284645
가족돌봄등위기아동ㆍ청년지원에관한법률,법률,270215
헌법재판소보안관리대설치및운영에관한규칙,헌법재판소규칙,263775
액화석유가스의안전관리및사업법,시행규칙,282369
액화석유가스의안전관리및사업법,시행령,278387
액화석유가스의안전관리및사업법,법률,281893
국유재산의위탁에관한규칙,기획재정부령,282623
탄소소재융복합기술개발및기반조성지원에관한법률,시행규칙,278781
탄소소재융복합기술개발및기반조성지원에관한법률,시행령,280615
탄소소재융복합기술개발및기반조성지원에관한법률,법률,276617
도시및주거환경정비등기규칙,대법원규칙,203636
주민조례발안에관한법률,법률,253963
대한민국헌법,헌법,61603
어장관리법,시행규칙,268941
어장관리법,시행령,279219
어장관리법,법률,270839
북한인권기록보존소운영규칙,법무부령,209076
예술인복지법,시행규칙,266263
예술인복지법,시행령,259313
예술인복지법,법률,270591
전파법,시행규칙,84227
전파법,시행규칙(미래창조과학부령),279105
전파법,시행령,278235
전파법,법률,277373
산업재산정보의관리및활용촉진에관한법률,시행규칙,279085
산업재산정보의관리및활용촉진에관한법률,시행령,277541
산업재산정보의관리및활용촉진에관한법률,법률,277203
약관의규제에관한법률,시행령,256827
약관의규제에관한법률,법률,260031
해군함대령,대통령령,265537
금융실명거래및비밀보장에관한법률,시행규칙,197034
금융실명거래및비밀보장에관한법률,시행령,266785
금융실명거래및비밀보장에관한법률,법률,270423
헌법재판소자문위원회규칙,헌법재판소규칙,280331
국립해사고등학교설치령,대통령령,227295
통상조약의체결절차및이행에관한법률,시행령,278457
통상조약의체결절차및이행에관한법률,법률,276619
지능형전력망의구축및이용촉진에관한법률,시행규칙,279005
지능형전력망의구축및이용촉진에관한법률,시행령,280603
지능형전력망의구축및이용촉진에관한법률,법률,279783
법원기능연속성계획수립및시행에관한규칙,대법원규칙,242039
개인정보보호법,시행령,283503
개인정보보호법,법률,283839
낙농진흥법시행령,대통령령,168725
군사법원사무규칙,대법원규칙,283109
한국전력공사법,시행령,278475
한국전력공사법,법률,276633
산업융합촉진법,시행규칙,278729
산업융합촉진법,시행령,283783
산업융합촉진법,법률,283927
해양수산부장관의소속청장지휘에관한규칙,해양수산부령,282715
대한민국헌정회육성법,법률,203812
장애인기업활동촉진법,시행령,279877
장애인기업활동촉진법,법률,280145
공공자금관리기금법,시행규칙,282593
공공자금관리기금법,시행령,280789
공공자금관리기금법,법률,276059
세계무역기구협정의이행에관한특별법,법률,81706
선거관리위원회공무원직장협의회의설립ㆍ운영에관한규칙,중앙선거관리위원회규칙,192894
중재산업진흥에관한법률,시행령,194499
중재산업진흥에관한법률,법률,188534
해양이용영향평가법,시행규칙,268295
해양이용영향평가법,시행령,267697
해양이용영향평가법,법률,284407
전통문화산업진흥법,시행규칙,265497
전통문화산업진흥법,시행령,265153
전통문화산업진흥법,법률,254833
풍납토성보존및관리에관한특별법,시행령,262665
풍납토성보존및관리에관한특별법,법률,260507
국가공무원법,법률,285133
부정수표단속법,시행령,119410
부정수표단속법,법률,103869
지방자치단체출연연구원의설립및운영에관한법률,시행령,245069
지방자치단체출연연구원의설립및운영에관한법률,법률,241925
국민제안규정,시행규칙,243861
국민제안규정,대통령령,277707
외국인근로자의고용등에관한법률,시행규칙,271599
외국인근로자의고용등에관한법률,시행령,245799
외국인근로자의고용등에관한법률,법률,276857
전라북도전주시와완주군의관할구역변경에관한규정,대통령령,146962
사회서비스지원및사회서비스원설립ㆍ운영에관한법률,시행규칙,241563
사회서비스지원및사회서비스원설립ㆍ운영에관한법률,시행령,275221
사회서비스지원및사회서비스원설립ㆍ운영에관한법률,법률,270407
도시ㆍ군계획시설의결정ㆍ구조및설치기준에관한규칙,국토교통부령,279473
대법원윤리감사관과그보좌기관및분장사무에관한규칙,대법원규칙,265117
암관리법,시행규칙,231525
암관리법,시행령,281743
암관리법,법률,281931
국립수산과학원시험ㆍ조사및분석의뢰규칙,농림수산식품부령,233561
대통령등의경호에관한법률,시행령,281757
대통령등의경호에관한법률,법률,266713
문화예술진흥법,시행규칙,266397
문화예술진흥법,시행령,284741
문화예술진흥법,법률,279667
국가보안유공자상금지급등에관한규정,대통령령,281467
행정기관의공모전운영에관한규정,대통령령,242103
사회복지사등의처우및지위향상을위한법률,시행령,263583
사회복지사등의처우및지위향상을위한법률,법률,281927
윤석열ㆍ김건희에의한내란ㆍ외환및국정농단행위의진상규명을위한특별검사임명등에관한법률,법률,283039
학교도서관진흥법,시행령,249177
학교도서관진흥법,법률,237399
인체조직안전및관리등에관한법률,시행규칙,209992
인체조직안전및관리등에관한법률,시행령,253945
인체조직안전및관리등에관한법률,법률,261129
응급의료에관한법률,시행규칙,283863
응급의료에관한법률,시행령,282889
응급의료에관한법률,법률,285275
국립장애인도서관이용규칙,문화체육관광부령,245925
도시철도운전규칙,건설교통부령,270675
감사위원회의운영등에관한규칙,감사원규칙,285755
가맹사업거래의공정화에관한법률,시행령,284653
가맹사업거래의공정화에관한법률,법률,281999
책임운영기관의설치ㆍ운영에관한법률,시행령,283467
책임운영기관의설치ㆍ운영에관한법률,법률,276367
철도지하화및철도부지통합개발에관한특별법,시행규칙,268931
철도지하화및철도부지통합개발에관한특별법,시행령,268651
철도지하화및철도부지통합개발에관한특별법,법률,259587
한국조폐공사법시행령,대통령령,280915
건강가정기본법,시행규칙,279255
건강가정기본법,시행령,277433
건강가정기본법,법률,276869
전문수사자문위원운영규칙,법무부령,202862
귀속재산처리법시행령,대통령령,280833
법령정보의관리및제공에관한법률,시행령,273657
법령정보의관리및제공에관한법률,법률,219403
소프트웨어진흥법,시행규칙,271031
소프트웨어진흥법,시행령,281427
소프트웨어진흥법,법률,265845
지방공무원징계및소청규정,대통령령,272557
선원의안전및위생에관한규칙,해양수산부령,233597
사료의수집ㆍ편찬및한국사의보급등에관한법률,시행령,244829
사료의수집ㆍ편찬및한국사의보급등에관한법률,법률,230421
사건기록열람ㆍ등사의방법및수수료등에관한규칙,법무부령,230277
사관학교설치법시행령,대통령령,281491
폐교재산의활용촉진을위한특별법,시행령,256099
폐교재산의활용촉진을위한특별법,법률,268523
국가철도공단법,시행령,273619
국가철도공단법,법률,259233
국무총리비서실직제,대통령령(대통령령),260723
국무총리비서실직제,대통령령,85520
지방공기업법,시행규칙,235341
지방공기업법,시행령,285217
지방공기업법,법률,284391
댐사용권등록령,시행규칙,278895
댐사용권등록령,대통령령,278523
축사의부동산등기에관한특례법,법률,210145
농업협동조합법,시행규칙,262597
농업협동조합법,시행령,284707
농업협동조합법,법률,283949
검역법,시행규칙,271105
검역법,시행령,262735
검역법,법률,281917
군종장교등의선발에관한규칙,국방부령,187991
바르게살기운동조직육성법,시행령,227471
바르게살기운동조직육성법,법률,195078
경찰공무원교육훈련규정,대통령령,266951
수중레저활동의안전및활성화등에관한법률,시행규칙,285741
수중레저활동의안전및활성화등에관한법률,시행령,285551
수중레저활동의안전및활성화등에관한법률,법률,270837
국가전략기술육성에관한특별법,시행령,282933
국가전략기술육성에관한특별법,법률,283415
대법관회의운영규칙,대법원규칙,233437
공직자윤리법,시행규칙,282395
공직자윤리법,시행령,281347
공직자윤리법,법률,277139
관보규정,시행규칙,245459
관보규정,대통령령,245397
행정기관의조직과정원에관한통칙,대통령령,281545
성매매방지및피해자보호등에관한법률,시행규칙,282787
성매매방지및피해자보호등에관한법률,시행령,277441
성매매방지및피해자보호등에관한법률,법률,276877
가상자산이용자보호등에관한법률,시행령,270729
가상자산이용자보호등에관한법률,법률,261099
외무관인규칙,외무부령,138056
기획예산처소관비영리법인의설립및감독에관한규칙,총리령,282573
기능성양잠산업육성및지원에관한법률,시행규칙,273413
기능성양잠산업육성및지원에관한법률,시행령,251809
기능성양잠산업육성및지원에관한법률,법률,246625
조세범처벌절차법,시행령,283663
조세범처벌절차법,법률,247789
어업단속공무원의직무에관한규정,대통령령,195795
고압가스안전관리법,시행규칙,278693
고압가스안전관리법,시행령,284513
고압가스안전관리법,법률,283919
임시수입부가세법,법률,98243
정신건강증진및정신질환자복지서비스지원에관한법률,시행규칙,285743
정신건강증진및정신질환자복지서비스지원에관한법률,시행령,281839
정신건강증진및정신질환자복지서비스지원에관한법률,법률,279761
전세사기피해자지원및주거안정에관한특별법,시행규칙,273851
전세사기피해자지원및주거안정에관한특별법,시행령,266295
전세사기피해자지원및주거안정에관한특별법,법률,277021
수산업ㆍ어촌발전기본법,시행규칙,284571
수산업ㆍ어촌발전기본법,시행령,281685
수산업ㆍ어촌발전기본법,법률,277075
항공안전법,시행규칙,285505
항공안전법,시행령,279873
항공안전법,법률,281945
당내경선위탁사무관리규칙,중앙선거관리위원회규칙,269185
문화체육관광부소관비상대비에관한법률,시행규칙,253671
결핵예방법,시행규칙,265679
결핵예방법,시행령,256435
결핵예방법,법률,277213
금융위원회의설치등에관한법률,시행령,281377
금융위원회의설치등에관한법률,법률,277249
공항에서의귀빈예우에관한규칙,국토해양부령,193067
군인보수법,법률,269911
군사법원판결서등의열람및복사에관한규칙,대법원규칙,243587
보험업법,시행규칙,269221
보험업법,시행령,285553
보험업법,법률,265389
6ㆍ25전사자유해의발굴등에관한법률,시행령,271395
6ㆍ25전사자유해의발굴등에관한법률,법률,260413
공동주택층간소음의범위와기준에관한규칙,국토교통부령,247421
군용항공기운용등에관한법률,시행규칙,244615
군용항공기운용등에관한법률,시행령,192956
군용항공기운용등에관한법률,법률,252881
중국ㆍ인도네시아및대만산스테인리스강평판압연에대한덤핑방지관세부과에관한규칙,기획재정부령(기획재정부령),282691
중국ㆍ인도네시아및대만산스테인리스강평판압연에대한덤핑방지관세부과에관한규칙,기획재정부령,235485
한국고전번역원법,시행령,214017
한국고전번역원법,법률,230417
고위공직자범죄수사처의개인정보처리에관한규정,대통령령,219991
수산과학기술진흥을위한시험연구등에관한법률,시행규칙,138245
수산과학기술진흥을위한시험연구등에관한법률,시행령,256067
수산과학기술진흥을위한시험연구등에관한법률,법률,277065
방어해면법,법률,269917
한국과학기술원법,시행령,268429
한국과학기술원법,법률,276251
국군지휘통신사령부령,대통령령,197237
선거관리위원회공무원수당에관한규칙,중앙선거관리위원회규칙,283053
공군군수사령부령,대통령령,205313
자동차종합검사의시행등에관한규칙,국토해양부령,280197
119구조ㆍ구급에관한법률,시행규칙,285287
119구조ㆍ구급에관한법률,시행령,285419
119구조ㆍ구급에관한법률,법률,266637
산업재해보상보험법,시행규칙,283239
산업재해보상보험법,시행령,281227
산업재해보상보험법,법률,283459
국회사무처직제,국회규칙,280695
한국산업은행법,시행령,281387
한국산업은행법,법률,277271
국회방청규칙,국회규칙,35512
교원소청에관한규정,대통령령,235639
농어업재해보험법,시행령,281091
농어업재해보험법,법률,276425
농촌지역공동체기반경제ㆍ사회서비스활성화에관한법률,시행규칙,265055
농촌지역공동체기반경제ㆍ사회서비스활성화에관한법률,시행령,264935
농촌지역공동체기반경제ㆍ사회서비스활성화에관한법률,법률,254045
국방조직및정원에관한통칙,대통령령,281473
지방자치법,시행령,281057
지방자치법,법률,284005
공군방공관제사령부령,대통령령,205314
국방정보본부령,대통령령,285413
벤처기업육성에관한특별법,시행규칙,263983
벤처기업육성에관한특별법,시행령,282957
벤처기업육성에관한특별법,법률,284081
소방공무원징계령,대통령령,264923
행정구역조정업무처리에관한규칙,행정자치부령,284565
행정안전부소관비상대비에관한법률,시행규칙,249477
부마민주항쟁관련자의명예회복및보상등에관한법률,시행령,277733
부마민주항쟁관련자의명예회복및보상등에관한법률,법률,241915
법원청사건축심의위원회규칙,대법원규칙,217859
비송사건절차법,법률,265395
물류시설의개발및운영에관한법률,시행규칙,285431
물류시설의개발및운영에관한법률,시행령,285401
물류시설의개발및운영에관한법률,법률,284077
경찰공무원복무규정,대통령령,227157
소방공무원복무규정,대통령령,272895
검사의직무를대리하는사법연수생에대한실비지급규정,대통령령,125247
포항지진의진상조사및피해구제등을위한특별법,시행령,281215
포항지진의진상조사및피해구제등을위한특별법,법률,259511
유류오염손해배상보장법,시행규칙,233635
유류오염손해배상보장법,시행령,227745
유류오염손해배상보장법,법률,277081
해양심층수의개발및관리에관한법률,시행규칙,279269
해양심층수의개발및관리에관한법률,시행령,282913
해양심층수의개발및관리에관한법률,법률,270847
국가배상법,시행규칙,240259
국가배상법,시행령,255765
국가배상법,법률,268079
지방자치단체에두는국가공무원의정원에관한법률,시행령,267271
지방자치단체에두는국가공무원의정원에관한법률,법률,284103
일제하일본군위안부피해자에대한보호ㆍ지원및기념사업등에관한법률,시행령,281637
일제하일본군위안부피해자에대한보호ㆍ지원및기념사업등에관한법률,법률,283959
노숙인등의복지및자립지원에관한법률,시행규칙,283231
노숙인등의복지및자립지원에관한법률,시행령,224121
노숙인등의복지및자립지원에관한법률,법률,279689
건널목입체교차화비용부담에관한규칙,건설교통부령,75164
행정권한의위임및위탁에관한규정,대통령령,283669
중국산합판에대한덤핑방지관세부과에관한규칙,기획재정부령(기획재정부령),263783
중국산합판에대한덤핑방지관세부과에관한규칙,기획재정부령,161602
철도산업발전기본법시행령,대통령령,281295
국방부근무지원단령,대통령령,261303
중소벤처기업부와그소속기관직제,시행규칙,285127
중소벤처기업부와그소속기관직제,대통령령,284637
이자제한법제2조제1항의최고이자율에관한규정,대통령령,230727
헌법재판소심판절차에서의전자문서이용등에관한규칙,헌법재판소규칙,244857
형집행정지자관찰규정,각령,243627
한국수화언어법,시행규칙,185277
한국수화언어법,시행령,243669
한국수화언어법,법률,279679
우편대체법,시행규칙,269521
우편대체법,법률,218907
도로법,시행규칙,284537
도로법,시행령,285835
도로법,법률,284465
수도시설관리권등록령,시행규칙,278941
수도시설관리권등록령,대통령령,278563
5ㆍ18민주화운동관련자보상등에관한법률,시행령,281019
5ㆍ18민주화운동관련자보상등에관한법률,법률,284121
소년원및소년분류심사원공무원복제규칙,법무부령,240279
신항만건설촉진법,시행규칙,264393
신항만건설촉진법,시행령,281315
신항만건설촉진법,법률,277077
재해경감을위한기업의자율활동지원에관한법률,시행규칙,273385
재해경감을위한기업의자율활동지원에관한법률,시행령,282329
재해경감을위한기업의자율활동지원에관한법률,법률,228707
수의사법,시행규칙,285617
수의사법,시행령,264277
수의사법,법률,259495
지방공무원보수규정,대통령령,282473
해군잠수함사령부령,대통령령,265535
온라인학교의설립ㆍ운영에관한규정,대통령령,273703
건강검진기본법,시행규칙,282389
건강검진기본법,시행령,246241
건강검진기본법,법률,279681
공증인수수료규칙,법무부령,102646
녹색건축물조성지원법,시행규칙,267443
녹색건축물조성지원법,시행령,285225
녹색건축물조성지원법,법률,284351
서울특별시행정특례에관한법률,법률,228553
환경관리대행기관의지정등에관한규칙,환경부령,285095
군급식기본법,시행규칙,285775
군급식기본법,시행령,282803
군급식기본법,법률,272923
행정업무의운영및혁신에관한규정,시행규칙,252189
행정업무의운영및혁신에관한규정,대통령령,281061
질병관리청과그소속기관직제,시행규칙,285123
질병관리청과그소속기관직제,대통령령,284931
국가안보실직제,대통령령,258623
국립중앙과학관전시품관람규칙,교육과학기술부령,113023
공군미사일방어사령부령,대통령령,241523
국민안전교육진흥기본법,시행규칙,196204
국민안전교육진흥기본법,시행령,268199
국민안전교육진흥기본법,법률,213521
공무원채용신체검사규정,대통령령,266777
댐건설및주변지역지원등에관한법률,법률,284437
검찰청사무기구에관한규정,대통령령,284927
국가초고성능컴퓨터활용및육성에관한법률,시행규칙,244011
국가초고성능컴퓨터활용및육성에관한법률,시행령,281425
국가초고성능컴퓨터활용및육성에관한법률,법률,276215
해양수산부소관비상대비에관한법률,시행규칙,272929
국군복지단령,대통령령,237147
국내입양에관한특별법,시행규칙,271107
국내입양에관한특별법,시행령,270995
국내입양에관한특별법,법률,279709
중앙선거관리위원회사무처행정심판위원회규칙,중앙선거관리위원회규칙,211449
어업자원보호법,법률,192584
한국자산관리공사설립등에관한법률,시행령,268471
한국자산관리공사설립등에관한법률,법률,277273
보훈보상대상자지원에관한법률,시행규칙,273907
보훈보상대상자지원에관한법률,시행령,282527
보훈보상대상자지원에관한법률,법률,283369
화장품법,시행규칙,285249
화장품법,시행령,283963
화장품법,법률,282015
중요감사결과등보고의운영에관한규칙,감사원규칙,222721
공소보류자관찰규칙,법무부령,35068
친환경농어업육성및유기식품등의관리ㆍ지원에관한법률,시행령,256733
친환경농어업육성및유기식품등의관리ㆍ지원에관한법률,법률,234903
스토킹범죄사건의심리및재판등에관한규칙,대법원규칙,269599
철도물류산업의육성및지원에관한법률,시행규칙,186653
철도물류산업의육성및지원에관한법률,시행령,239733
철도물류산업의육성및지원에관한법률,법률,277029
간척지의농어업적이용및관리에관한법률,시행규칙,243729
간척지의농어업적이용및관리에관한법률,시행령,243641
간척지의농어업적이용및관리에관한법률,법률,284337
육군훈련소령,대통령령,265531
적합성평가관리등에관한법률,시행규칙,278769
적합성평가관리등에관한법률,시행령,278417
적합성평가관리등에관한법률,법률,276579
국민건강증진법,시행규칙,273653
국민건강증진법,시행령,283973
국민건강증진법,법률,285763
교정공제회법,법률,222423
토양환경보전법,시행규칙,285057
토양환경보전법,시행령,284891
토양환경보전법,법률,281911
에너지산업융복합단지의지정및육성에관한특별법,시행규칙,278963
에너지산업융복합단지의지정및육성에관한특별법,시행령,278395
에너지산업융복합단지의지정및육성에관한특별법,법률,276557
한국농수산대학교설치법,시행령,243459
한국농수산대학교설치법,법률,237141
산업안전보건법,시행규칙,282079
산업안전보건법,시행령,284771
산업안전보건법,법률,283449
지역특화작목연구개발및육성에관한법률,시행규칙,209915
지역특화작목연구개발및육성에관한법률,시행령,240861
지역특화작목연구개발및육성에관한법률,법률,206593
국회인사규칙,국회규칙,280709
국세기본법,시행규칙,284607
국세기본법,시행령,283623
국세기본법,법률,280373
증권에의한세입납부에관한법률,법률,97987
과학영재선발위원회규칙,총리령,196119
축산물위생관리법,시행규칙,263923
축산물위생관리법,시행령,273505
축산물위생관리법,법률,282013
범죄인인도법,법률,228087
사회대개혁위원회의설치및운영에관한규정,대통령령,279981
군수용마약류의취급에관한규칙,국방부령,236543
질서위반행위규제법,시행령,228847
질서위반행위규제법,법률,284425
유전자변형농수산물의표시및농수산물의안전성조사등에관한규칙,총리령,252147
최저임금법,시행규칙,282351
최저임금법,시행령,206564
최저임금법,법률,218303
산업기술의유출방지및보호에관한법률,시행규칙,278721
산업기술의유출방지및보호에관한법률,시행령,281125
산업기술의유출방지및보호에관한법률,법률,280043
명예영사의임명및직무범위등에관한규정,대통령령,227443
부산해양수도이전기관지원에관한특별법,법률,280207
1980년해직공무원의보상등에관한특별조치법,법률,3274
대만ㆍ태국및아랍에미리트연합산폴리에틸렌테레프탈레이트(PET)필름에대한덤핑방지관세부과에관한규칙,기획재정부령,238463
한국조폐공사법,법률,276157
신의료기술평가에관한규칙,보건복지부령,283063
치매관리법,시행규칙,263325
치매관리법,시행령,255029
치매관리법,법률,257869
고용노동부와그소속기관직제,시행규칙,285839
고용노동부와그소속기관직제,대통령령,283523
민주화운동기념사업회법,시행령,195601
민주화운동기념사업회법,법률,253951
상법시행법,법률,106831
군용물등범죄에관한특별조치법,법률,179005
무선설비규칙,미래창조과학부령,239167
무선설비규칙,체신부령,107593
지방문화원진흥법,시행령,224289
지방문화원진흥법,법률,219091
댐건설ㆍ관리및주변지역지원등에관한법률,시행규칙,278893
댐건설ㆍ관리및주변지역지원등에관한법률,시행령,280753
한국청소년연맹육성에관한법률,법률,276913
산업집적활성화및공장설립에관한법률,시행규칙,285509
산업집적활성화및공장설립에관한법률,시행령,285609
산업집적활성화및공장설립에관한법률,법률,284369
전문간호사자격인정등에관한규칙,보건복지부령,272551
철도안전법,시행규칙,285103
철도안전법,시행령,284881
철도안전법,법률,280129
국가데이터처와그소속기관직제,시행규칙,285019
국가데이터처와그소속기관직제,대통령령,284595
경찰공무원지급품에관한규칙,안전행정부령,245047
12ㆍ29여객기참사피해구제및지원등을위한특별법,시행령,281237
12ㆍ29여객기참사피해구제및지원등을위한특별법,법률,284113
민법,법률,284415
평창동계올림픽및동계패럴림픽기장령,대통령령,209587
국회입법예고에관한규칙,국회규칙,124123
도선법,시행규칙,263553
도선법,시행령,263321
도선법,법률,257781
공탁금관리위원회규칙,대법원규칙,269591
법제처소관비영리법인의설립및감독에관한규칙,총리령,175613
국민건강보험법,시행규칙,285129
국민건강보험법,시행령,283469
국민건강보험법,법률,280447
기상산업진흥법,시행규칙,284975
기상산업진흥법,시행령,284593
기상산업진흥법,법률,277221
국민권익위원회소관비영리법인의설립및감독에관한규칙,총리령,173962
사법정책및제도개선등에관한위원회규칙,대법원규칙,232029
먹는물수질기준및검사등에관한규칙,환경부령,278905
학생군사교육실시령,시행규칙,187869
학생군사교육실시령,대통령령,198820
사단령,대통령령,224271
원자력손해배상법,시행령,227727
원자력손해배상법,법률,231863
근로자퇴직급여보장법,시행규칙,243903
근로자퇴직급여보장법,시행령,284693
근로자퇴직급여보장법,법률,284455
중국산더블레이어인쇄제판용평면모양사진플레이트에대한덤핑방지관세부과에관한규칙,기획재정부령,245053
동물위생시험소법,법률,254839
관세법제71조에따른할당관세의적용에관한규정,대통령령(대통령령),285307
관세법제71조에따른할당관세의적용에관한규정,대통령령,76923
공무원수당등에관한규정,대통령령,282475
서울대학교치과병원설치법,시행령,281447
서울대학교치과병원설치법,법률,276179
성폭력범죄의처벌등에관한특례법,시행규칙,243759
성폭력범죄의처벌등에관한특례법,시행령,277659
성폭력범죄의처벌등에관한특례법,법률,277347
장학금규정,시행규칙,137531
장학금규정,대통령령,209754
산업전환에따른고용안정지원등에관한법률,시행령,261767
산업전환에따른고용안정지원등에관한법률,법률,255401
해양경찰청소속경찰공무원임용에관한규정,시행규칙,285247
해양경찰청소속경찰공무원임용에관한규정,대통령령,283961
방사선및방사성동위원소이용진흥법,시행령,264601
방사선및방사성동위원소이용진흥법,법률,260215
산림기본법,시행령,283129
산림기본법,법률,268867
감사활동조정협의회의구성ㆍ운영등에관한규칙,감사원규칙,106437
공기업의경영구조개선및민영화에관한법률,법률,276063
전직대통령예우에관한법률,시행령,227815
전직대통령예우에관한법률,법률,192458
의료기기법,시행규칙,279365
의료기기법,시행령,272851
의료기기법,법률,281933
군사기밀보호법,시행령,271289
군사기밀보호법,법률,245987
경비교도대폐지에따른보상등에관한법률,시행령,261779
경비교도대폐지에따른보상등에관한법률,법률,183520
예술원사무국직제,대통령령(대통령령),254321
예술원사무국직제,시행규칙,187133
예술원사무국직제,대통령령,24957
한센인피해사건의진상규명및피해자지원등에관한법률,시행규칙,282237
한센인피해사건의진상규명및피해자지원등에관한법률,시행령,277903
한센인피해사건의진상규명및피해자지원등에관한법률,법률,284141
고위감사공무원단인사관리및운영등에관한규칙,감사원규칙,256391
치과의사전문의의수련및자격인정등에관한규정,시행규칙,279327
치과의사전문의의수련및자격인정등에관한규정,대통령령,279199
장애인ㆍ고령자등주거약자지원에관한법률,시행규칙,279481
장애인ㆍ고령자등주거약자지원에관한법률,시행령,277975
장애인ㆍ고령자등주거약자지원에관한법률,법률,250085
6ㆍ25전쟁정전60주년기념호국영웅기장수여규칙,총리령,251487
교육공무원임용령,대통령령,273697
디지털포용법,시행령,282439
디지털포용법,법률,285197
환경오염시설의통합관리에관한법률,시행규칙,282255
환경오염시설의통합관리에관한법률,시행령,283023
환경오염시설의통합관리에관한법률,법률,276835
산업통상부와그소속기관직제,시행규칙,285117
산업통상부와그소속기관직제,대통령령,284629
항공안전기술원법,시행령,227995
항공안전기술원법,법률,224253
석면안전관리법,시행규칙,278931
석면안전관리법,시행령,281603
석면안전관리법,법률,283371
자연유산의보존및활용에관한법률,시행규칙,279217
자연유산의보존및활용에관한법률,시행령,269099
자연유산의보존및활용에관한법률,법률,283307
선원근로감독관규정,대통령령,136213
자동차등록령,각령,284647
대한민국과아메리카합중국간의상호방위조약제4조에의한시설과구역및대한민국에서의합중국군대의지위에관한협정의시행에관한민사특별법시행령,대통령령,192768
법원당직및비상근무규칙,대법원규칙,283135
인권보호수사규칙,법무부령,283341
학원의설립ㆍ운영및과외교습에관한법률,시행규칙,263251
학원의설립ㆍ운영및과외교습에관한법률,시행령,284907
학원의설립ㆍ운영및과외교습에관한법률,법률,285147
주한미군소속한국인근로자의지원을위한특별법,시행규칙,282085
주한미군소속한국인근로자의지원을위한특별법,시행령,264509
주한미군소속한국인근로자의지원을위한특별법,법률,217981
국고금관리법,시행규칙,282615
국고금관리법,시행령,280813
국고금관리법,법률,283409
관세청과그소속기관직제,시행규칙,285261
관세청과그소속기관직제,대통령령,285215
국립학교의각종증명발급등에관한규칙,교육부령,249913
국제입양에관한법률의시행에관한대법원규칙,대법원규칙,271521
사법참여기획단규칙,대법원규칙,82722
농림축산식품부장관의소속청장에대한지휘에관한규칙,농림축산식품부령,137805
가정폭력범죄의처벌등에관한특례법,시행령,172201
가정폭력범죄의처벌등에관한특례법,법률,270787
사도법,시행규칙,251199
사도법,시행령,190483
사도법,법률,205846
항만시설의기술기준에관한규칙,해양수산부령,233647
문화체육관광부장관의소속청장에대한지휘에관한규칙,문화체육관광부령,265507
도시형캠퍼스설립ㆍ운영에관한특별법,법률,284069
초지법,시행규칙,282117
초지법,시행령,263717
초지법,법률,252899
공무원인사기록ㆍ통계및인사사무처리규정,대통령령,257193
공무원의구분변경에따른전직임용등에관한특례규정,대통령령,272703
식품위생법,시행규칙,282565
식품위생법,시행령,278067
식품위생법,법률,282007
건축물의분양에관한법률,시행규칙,236695
건축물의분양에관한법률,시행령,285171
건축물의분양에관한법률,법률,280065
기본사회위원회의설치및운영에관한규정,대통령령,283029
재난및안전관리기본법,시행규칙,272675
재난및안전관리기본법,시행령,281037
재난및안전관리기본법,법률,283851
행정대집행법,시행령,176245
행정대집행법,법률,170996
자동차손해배상보장법,시행규칙,268683
자동차손해배상보장법,시행령,284827
자동차손해배상보장법,법률,277017
검역공무원복제규칙,보건복지부령,264383
한국고용노동교육원법,시행령,221855
한국고용노동교육원법,법률,243067
인사혁신처소관비영리법인의설립및감독에관한규칙,총리령,171962
공항소음방지및소음대책지역지원에관한법률,시행규칙,282025
공항소음방지및소음대책지역지원에관한법률,시행령,281251
공항소음방지및소음대책지역지원에관한법률,법률,261147
국방개혁에관한법률,시행령,281001
국방개혁에관한법률,법률,245983
한류산업진흥기본법,시행령,281089
한류산업진흥기본법,법률,265887
경찰공무원승진임용규정,시행규칙,272779
경찰공무원승진임용규정,대통령령,272649
국제항공운수권및영공통과이용권배분등에관한규칙,국토해양부령,282201
중재법,법률,284423
한국해양소년단연맹육성에관한법률,법률,214541
영유아특별회계법,법률,280393
보건의료인력수급추계위원회규칙,보건복지부령,273107
국민감사청구ㆍ부패행위신고등처리에관한규칙,감사원규칙,244419
농어촌주민의보건복지증진을위한특별법,시행규칙,279423
농어촌주민의보건복지증진을위한특별법,시행령,273847
농어촌주민의보건복지증진을위한특별법,법률,270393
도시철도법등에의한구분지상권등기규칙,대법원규칙,236637
건축사법,시행규칙,265655
건축사법,시행령,243997
건축사법,법률,284461
1945년이후종전의규정에의한학교졸업자자격인정령,대통령령,24144
국가장법,시행령,195583
국가장법,법률,195068
선주상호보험조합법,시행규칙,166155
선주상호보험조합법,시행령,251043
선주상호보험조합법,법률,265391
경제자유구역내외국의료기관의개설허가절차등에관한규칙,보건복지부령,266289
화학무기ㆍ생물무기의금지와특정화학물질ㆍ생물작용제등의제조ㆍ수출입규제등에관한법률,시행규칙,278791
화학무기ㆍ생물무기의금지와특정화학물질ㆍ생물작용제등의제조ㆍ수출입규제등에관한법률,시행령,278483
화학무기ㆍ생물무기의금지와특정화학물질ㆍ생물작용제등의제조ㆍ수출입규제등에관한법률,법률,276643
행정규제기본법,시행령,283769
행정규제기본법,법률,283383
농어업ㆍ농어촌특별위원회설치및운영에관한법률,시행령,271507
농어업ㆍ농어촌특별위원회설치및운영에관한법률,법률,277059
전문병원의지정및평가등에관한규칙,보건복지부령,266429
공익법인의설립ㆍ운영에관한법률,시행령,280981
공익법인의설립ㆍ운영에관한법률,법률,199494
한국해양과학기술원법,시행규칙,138268
한국해양과학기술원법,시행령,268487
한국해양과학기술원법,법률,277085
감사원감사사무처리규칙,감사원규칙,285753
계량에관한법률,시행규칙,280319
계량에관한법률,시행령,278291
계량에관한법률,법률,280029
주택법,시행규칙,284551
주택법,시행령,284869
주택법,법률,284095
서울특별시송파구와경기도성남시,하남시의관할구역변경에관한규정,대통령령,176774
의료기관회계기준규칙,보건복지부령,229257
중소기업은행법제54조제6항시행에관한규정시행세칙,총리령,233693
검사정원법,시행령,282489
검사정원법,법률,166367
전시산업발전법,시행규칙,278773
전시산업발전법,시행령,278433
전시산업발전법,법률,283983
합동참모본부직제,대통령령,264611
군검찰보존사무규칙,국방부령,247579
한국교육학술정보원법,시행령,203303
한국교육학술정보원법,법률,230419
지방공무원명예퇴직수당등지급규정,대통령령,257543
헌법재판소법,법률(법률),284151
헌법재판소법,법률,108411
국회에서의중계방송등에관한규칙,국회규칙,238483
축산법,시행규칙,285115
축산법,시행령,285561
축산법,법률,285205
한국해양진흥공사법,시행령,281321
한국해양진흥공사법,법률,285203
산업교육진흥및산학연협력촉진에관한법률,시행규칙,285257
산업교육진흥및산학연협력촉진에관한법률,시행령,284767
산업교육진흥및산학연협력촉진에관한법률,법률,267351
한국사학진흥재단법,시행령,239625
한국사학진흥재단법,법률,235545
예산회계에관한특례법시행령,각령,281415
선거관리위원회법,시행규칙,285613
선거관리위원회법,법률,282017
공탁법,법률,284413
화학물질의등록및평가등에관한법률,시행규칙,285863
화학물질의등록및평가등에관한법률,시행령,285827
화학물질의등록및평가등에관한법률,법률,279805
원호재산특별처리법,법률,2841
감사원규칙의공포에관한규칙,감사원규칙,184473
행정안전부와그소속기관직제,시행규칙(행정안전부령),283569
행정안전부와그소속기관직제,대통령령(대통령령),283519
행정안전부와그소속기관직제,시행규칙,137978
행정안전부와그소속기관직제,대통령령,135752
기획예산처와그소속기관직제,시행규칙,282569
기획예산처와그소속기관직제,대통령령,281405
필수업무지정및종사자보호ㆍ지원에관한법률,시행령,281231
필수업무지정및종사자보호ㆍ지원에관한법률,법률,276859
법원도서관규칙,대법원규칙,283809
국립해양박물관등의설립및운영에관한법률,시행령,257257
국립해양박물관등의설립및운영에관한법률,법률,251923
육군동원전력사령부령,대통령령,265529
건축물대장의기재및관리등에관한규칙,건설교통부령,273103
판사가아닌재판연구관에관한규칙,대법원규칙,239187
친수구역활용에관한특별법,시행규칙,279011
친수구역활용에관한특별법,시행령,281613
친수구역활용에관한특별법,법률,276793
학교법인및사립학교직인규칙,교육과학기술부령,263249
우체국보험특별회계법,시행규칙,239215
우체국보험특별회계법,시행령,227719
우체국보험특별회계법,법률,258517
도시공업지역의관리및활성화에관한특별법,시행규칙,284539
도시공업지역의관리및활성화에관한특별법,시행령,284729
도시공업지역의관리및활성화에관한특별법,법률,266695
한국인원자폭탄피해자지원을위한특별법,시행령,281179
한국인원자폭탄피해자지원을위한특별법,법률,258101
해양과학조사법,시행규칙,233657
해양과학조사법,시행령,278031
해양과학조사법,법률,224669
법원공무원평정규칙,대법원규칙,283119
국내입양에관한특별법의시행에관한대법원규칙,대법원규칙,271519
각종분쟁조정위원회등의조정조서등에대한집행문부여에관한규칙,대법원규칙,52364
의료ㆍ요양등지역돌봄의통합지원에관한법률,시행규칙,284999
의료ㆍ요양등지역돌봄의통합지원에관한법률,시행령,280225
의료ㆍ요양등지역돌봄의통합지원에관한법률,법률,265469
독립공채상환에관한특별조치법,법률,276103
애니메이션산업진흥에관한법률,시행규칙,270007
애니메이션산업진흥에관한법률,시행령,264705
애니메이션산업진흥에관한법률,법률,277353
지식재산기본법,시행령,284937
지식재산기본법,법률,242919
공직선거후보자의병역사항신고및공개에관한규칙,중앙선거관리위원회규칙,285751
경찰착용기록장치운영등에관한규정,대통령령,264459
보건복지부및질병관리청소관비영리법인의설립및감독에관한규칙,보건복지부령,225395
중소기업인력지원특별법,시행규칙,196289
중소기업인력지원특별법,시행령,277503
중소기업인력지원특별법,법률,277127
그린바이오산업육성에관한법률,시행규칙,268179
그린바이오산업육성에관한법률,시행령,267641
그린바이오산업육성에관한법률,법률,276411
의약품부작용피해구제에관한규정,시행규칙,282415
의약품부작용피해구제에관한규정,대통령령,280763
자연환경보전법,시행규칙,284969
자연환경보전법,시행령,284831
자연환경보전법,법률,284433
농림수산업자신용보증법,시행규칙,263075
농림수산업자신용보증법,시행령,251271
농림수산업자신용보증법,법률,277257
정정보도청구등사건심판규칙,대법원규칙,71264
세종특별자치시설치등에관한특별법,법률,285765
소음ㆍ진동관리법,시행규칙,278935
소음ㆍ진동관리법,시행령,284785
소음ㆍ진동관리법,법률,276753
특정조달을위한국가를당사자로하는계약에관한법률시행령특례규정,대통령령,280909
첨단재생의료및첨단바이오의약품안전및지원에관한법률,시행령,281175
첨단재생의료및첨단바이오의약품안전및지원에관한법률,법률,279763
112신고의운영및처리에관한법률,시행령,263521
112신고의운영및처리에관한법률,법률,257787
무역위원회직제,대통령령,278339
대한민국재향소방동우회법,법률,195268
헌법재판소규칙등의입법절차에관한규칙,헌법재판소규칙,265495
해상교통안전법,시행령(대통령령),271177
해상교통안전법,법률(법률),254907
해상교통안전법,시행규칙,260153
해상교통안전법,시행규칙(해양수산부령),271375
해상교통안전법,시행령,260077
해상교통안전법,법률,252901
교원등의연수에관한규정,시행규칙,241955
교원등의연수에관한규정,대통령령,227009
소송촉진등에관한특례법,법률,279555
특별사법경찰관리에대한검사의수사지휘및특별사법경찰관리의수사준칙에관한규칙,법무부령,229287
공중등협박목적및대량살상무기확산을위한자금조달행위의금지에관한법률,시행령,273405
공중등협박목적및대량살상무기확산을위한자금조달행위의금지에관한법률,법률,277241
위험물선박운송및저장규칙,해양수산부령,240831
회계관계공무원직인규칙,재무부령,282701
음악산업진흥에관한법률,시행규칙,270011
음악산업진흥에관한법률,시행령,256669
음악산업진흥에관한법률,법률,270561
법원공무원여비규칙,대법원규칙,273615
주한미군공여구역주변지역등지원특별법,시행령,277763
주한미군공여구역주변지역등지원특별법,법률,276339
과학기술분야정부출연연구기관등의설립ㆍ운영및육성에관한법률,시행령,280925
과학기술분야정부출연연구기관등의설립ㆍ운영및육성에관한법률,법률,285193
지도도식규칙,건설부령,235115
직능인경제활동지원에관한법률,시행령,195667
직능인경제활동지원에관한법률,법률,195116
어린이안전관리에관한법률,시행규칙,223271
어린이안전관리에관한법률,시행령,260523
어린이안전관리에관한법률,법률,261445
특허심판원국선대리인의선임및운영에관한규칙,산업통상자원부령,236727
소금산업진흥법,시행규칙,285119
소금산업진흥법,시행령,262049
소금산업진흥법,법률,255831
전기사업회계규칙,상공부령,278989
농산물검사법,법률,49
지방재정투자사업심사규칙,행정자치부령,261067
자전거이용시설의구조ㆍ시설기준에관한규칙,행정안전부령,191793
장애인차별금지및권리구제등에관한법률,시행령,282443
장애인차별금지및권리구제등에관한법률,법률,279699
국가를당사자로하는소송의수행자에대한포상금지급규칙,법무부령,267149
지역방송발전지원특별법,시행령,277571
지역방송발전지원특별법,법률,277381
변호사ㆍ법무사의자격이있는보증인의보수에관한규칙,법무부령,220609
소방산업의진흥에관한법률,시행규칙,271183
소방산업의진흥에관한법률,시행령,285219
소방산업의진흥에관한법률,법률,257279
헤이그국제아동탈취협약이행에관한대법원규칙,대법원규칙,139905
특정조달을위한국가를당사자로하는계약에관한법률시행특례규칙,기획재정부령,282697
국제항공탄소배출량관리에관한법률,시행규칙,265019
국제항공탄소배출량관리에관한법률,시행령,277937
국제항공탄소배출량관리에관한법률,법률,276953
정보보호산업의진흥에관한법률,시행규칙,255515
정보보호산업의진흥에관한법률,시행령,278237
정보보호산업의진흥에관한법률,법률,258523
사회보장급여의이용ㆍ제공및수급권자발굴에관한법률,시행규칙,263819
사회보장급여의이용ㆍ제공및수급권자발굴에관한법률,시행령,280291
사회보장급여의이용ㆍ제공및수급권자발굴에관한법률,법률,270795
세계선거기관협의회지원에관한법률,법률,150464
가족친화사회환경의조성촉진에관한법률,시행규칙,278821
가족친화사회환경의조성촉진에관한법률,시행령,281233
가족친화사회환경의조성촉진에관한법률,법률,281949
해양경찰위원회규정,대통령령,214057
충청남도천안시와아산시의관할구역변경에관한규정,대통령령,270987
자체감사활동의심사에관한규칙,감사원규칙,252151
영해및접속수역법,시행령,227699
영해및접속수역법,법률,202628
매장유산보호및조사에관한법률,시행규칙,269127
매장유산보호및조사에관한법률,시행령,272947
민사소송법,법률,284417
민사소송법,군정법령,62833
수산업협동조합의부실예방및구조개선에관한법률,시행규칙,221041
수산업협동조합의부실예방및구조개선에관한법률,시행령,272997
민법법인및특수법인등기규칙,대법원규칙,266851
국회의원윤리실천규범,국회규칙,193636
인사감사규정,대통령령,220069
주민등록법,시행규칙,285757
주민등록법,시행령,285733
주민등록법,법률,268555
감염병의예방및관리에관한법률,시행규칙,282387
감염병의예방및관리에관한법률,시행령,285787
감염병의예방및관리에관한법률,법률,280445
통상환경변화대응및지원등에관한법률,시행규칙,278783
통상환경변화대응및지원등에관한법률,시행령,278461
통상환경변화대응및지원등에관한법률,법률,276621
사법연수원운영규칙,대법원규칙,266769
국립대학치과병원설치법,시행령,244151
국립대학치과병원설치법,법률,283417
학점인정등에관한법률,시행규칙,233555
학점인정등에관한법률,시행령,282911
학점인정등에관한법률,법률,253403
인신보호규칙,대법원규칙,169905
뿌리산업진흥과첨단화에관한법률,시행규칙,278717
뿌리산업진흥과첨단화에관한법률,시행령,278353
뿌리산업진흥과첨단화에관한법률,법률,276515
비상사태등에대비하기위한해운및항만기능유지에관한법률,시행규칙,263755
비상사태등에대비하기위한해운및항만기능유지에관한법률,시행령,278013
비상사태등에대비하기위한해운및항만기능유지에관한법률,법률,257783
자산재평가법,법률(법률),210340
자산재평가법,법률,5191
원자력시설등의방호및방사능방재대책법,시행규칙,279273
원자력시설등의방호및방사능방재대책법,시행령,280519
원자력시설등의방호및방사능방재대책법,법률,285155
정부표창규정,대통령령,261999
박근혜정부의최순실등민간인에의한국정농단의혹사건규명을위한특별검사의임명등에관한법률,법률,246571
엔지니어링산업진흥법,시행규칙,278755
엔지니어링산업진흥법,시행령,281131
엔지니어링산업진흥법,법률,280053
건설폐기물의재활용촉진에관한법률,시행규칙,278871
건설폐기물의재활용촉진에관한법률,시행령,278497
건설폐기물의재활용촉진에관한법률,법률,276695
교통안전법,시행규칙,266903
교통안전법,시행령,281255
교통안전법,법률,259265
진실ㆍ화해를위한과거사정리기본법,시행령,283607
진실ㆍ화해를위한과거사정리기본법,법률,283251
관상어산업의육성및지원에관한법률,시행규칙,179304
관상어산업의육성및지원에관한법률,시행령,270071
관상어산업의육성및지원에관한법률,법률,214441
환경친화적선박의기준및인증에관한규칙,해양수산부령,279417
생활물류서비스산업발전법,시행규칙,279329
생활물류서비스산업발전법,시행령,268189
생활물류서비스산업발전법,법률,283715
어음교환소지정에관한규칙,법무부령,113742
전북특별자치도설치및글로벌생명경제도시조성을위한특별법,시행령,281039
전북특별자치도설치및글로벌생명경제도시조성을위한특별법,법률,285517
인지세법,시행규칙,282665
인지세법,시행령,280881
인지세법,법률,276139
중대재해처벌등에관한법률,시행령,277417
중대재해처벌등에관한법률,법률,228817
행정기본법,시행령,284499
행정기본법,법률,269955
국가안전보장회의운영등에관한규정,대통령령,261749
한국보훈복지의료공단법,시행령,281549
한국보훈복지의료공단법,법률,283495
기계설비법,시행규칙,285589
기계설비법,시행령,280545
기계설비법,법률,219239
군무원특별채용등에관한특례규정,대통령령,73139
국민안전처소관비영리법인의설립및감독에관한규칙,총리령,171563
교육관련기관의정보공개에관한특례법,시행령,268971
교육관련기관의정보공개에관한특례법,법률,233995
감사교육원직제,감사원규칙,259017
공무원직장협의회의설립ㆍ운영에관한법률,시행령,245067
공무원직장협의회의설립ㆍ운영에관한법률,법률,241913
지역상권상생및활성화에관한법률,시행규칙,247023
지역상권상생및활성화에관한법률,시행령,284961
지역상권상생및활성화에관한법률,법률,281997
공군20전투비행단이예람중사사망사건관련군내성폭력및2차피해등의진상규명을위한특별검사임명등에관한법률,법률,242099
장애인연금법,시행규칙,271113
장애인연금법,시행령,258985
장애인연금법,법률,276683
2025경주아시아태평양경제협력체정상회의지원특별법,시행령,273185
2025경주아시아태평양경제협력체정상회의지원특별법,법률,277307
군용전기통신법,조선총독부법률,67842
군용전기통신법,법률,259061
국제도로면세통과증서의담보하에행하는화물의국제운송에관한관세협약및1972년콘테이너에관한관세협약의시행에관한규정,대통령령,227319
주택공급에관한규칙,건설교통부령,279483
임업및산촌진흥촉진에관한법률,시행규칙,269875
임업및산촌진흥촉진에관한법률,시행령,284825
임업및산촌진흥촉진에관한법률,법률,242929
갯벌및그주변지역의지속가능한관리와복원에관한법률,시행규칙,239189
갯벌및그주변지역의지속가능한관리와복원에관한법률,시행령,270439
갯벌및그주변지역의지속가능한관리와복원에관한법률,법률,277057
가덕도신공항건설공단법,시행규칙,262103
가덕도신공항건설공단법,시행령,261795
가덕도신공항건설공단법,법률,255405
지진ㆍ화산재해대책법,시행규칙,233141
지진ㆍ화산재해대책법,시행령,277781
금융실명거래및비밀보장에관한법률부칙제7조의규정에의한소득세등의계산방법에관한규칙,총리령,39593
공직후보자등에관한정보의수집및관리에관한규정,대통령령,279979
학교체육진흥법,시행규칙,266049
학교체육진흥법,시행령,254751
학교체육진흥법,법률,267307
증권에의한세입납부에관한법률시행령,각령,55761
천안함피격사건피해구제및지원등을위한특별법,시행규칙,271605
천안함피격사건피해구제및지원등을위한특별법,시행령,271393
천안함피격사건피해구제및지원등을위한특별법,법률,266667
지방공무원인사기록ㆍ통계및인사사무처리규칙,행정안전부령,239195
미술진흥법,시행령,282317
미술진흥법,법률,252829
법원공무원직장협의회규칙,대법원규칙,149249
중소기업스마트제조혁신촉진에관한법률,시행규칙,252287
중소기업스마트제조혁신촉진에관한법률,시행령,252143
중소기업스마트제조혁신촉진에관한법률,법률,247251
포획심판소및고등포획심판소개설에관한건,대통령령,31205
국제입양에관한법률,시행규칙,271103
국제입양에관한법률,시행령,271057
국제입양에관한법률,법률,279711
문화다양성의보호와증진에관한법률,시행규칙,175028
문화다양성의보호와증진에관한법률,시행령,281557
문화다양성의보호와증진에관한법률,법률,219067
노인일자리및사회활동지원에관한법률,시행규칙,266255
노인일자리및사회활동지원에관한법률,시행령,266187
노인일자리및사회활동지원에관한법률,법률,270389
법원사무기구에관한규칙,대법원규칙,283107
지방공무원징계규칙,행정자치부령,282257
삼차원프린팅산업진흥법,시행규칙,247559
삼차원프린팅산업진흥법,시행령,247149
삼차원프린팅산업진흥법,법률,249971
인터넷전문은행설립및운영에관한특례법,시행령,278153
인터넷전문은행설립및운영에관한특례법,법률,249027
소비자기본법,시행령,281371
소비자기본법,법률,283837
공무원인재개발법,시행령,247167
공무원인재개발법,법률,245371
공연법,시행규칙,282561
공연법,시행령,284681
공연법,법률,283673
국가통계위원회규정,대통령령,280477
육군기계화학교령,대통령령,273551
대검찰청의위치와각급검찰청의명칭및위치에관한규정,대통령령,231969
민주평화통일자문회의사무처직제,대통령령,282521
보건범죄단속에관한특별조치법,법률,276281
증권관련집단소송법,법률,140592
주택임대차계약증서상의확정일자부여및임대차정보제공에관한규칙,법무부령,240291
한국진도개보호ㆍ육성법,법률,260511
방위사업청과그소속기관직제,시행규칙,283585
방위사업청과그소속기관직제,대통령령,283535
국립외교원법,시행령,270941
국립외교원법,법률,213519
재외공관공증법,시행령,278079
재외공관공증법,법률,248493
물류창고업등록에관한규칙,국토교통부령,260639
한국방송통신대학교설립및운영에관한법률,시행령,261045
한국방송통신대학교설립및운영에관한법률,법률,244959
자영농업고등학교육성에관한규정,대통령령,135692
경찰공무원징계령,대통령령,241165
항만안전특별법,시행규칙,244171
항만안전특별법,시행령,280213
항만안전특별법,법률,283835
지방공무원수당등에관한규정,대통령령,282477
국군포로의송환및대우등에관한법률,시행규칙,282219
국군포로의송환및대우등에관한법률,시행령,280459
국군포로의송환및대우등에관한법률,법률,258651
국외유학에관한규정,시행규칙,203450
국외유학에관한규정,대통령령,284687
성폭력범죄자의성충동약물치료에관한법률,시행규칙,243761
성폭력범죄자의성충동약물치료에관한법률,시행령,200459
성폭력범죄자의성충동약물치료에관한법률,법률,213803
방사성폐기물관리법,시행규칙,282361
방사성폐기물관리법,시행령,282891
방사성폐기물관리법,법률,276509
자동차관리법,시행규칙,285101
자동차관리법,시행령,277973
자동차관리법,법률,283767
헌법재판소심판규칙,헌법재판소규칙,284559
성폭력방지및피해자보호등에관한법률,시행규칙,285073
성폭력방지및피해자보호등에관한법률,시행령,284955
성폭력방지및피해자보호등에관한법률,법률,283891
보건환경연구원법시행령,대통령령,278111
방송통신중학교및방송통신고등학교설치기준령,시행규칙,241957
방송통신중학교및방송통신고등학교설치기준령,대통령령,240515
검찰인사위원회규정,대통령령,119751
항공우주산업개발촉진법,시행규칙,262901
항공우주산업개발촉진법,시행령,283009
항공우주산업개발촉진법,법률,259513
법관,사법보좌관및법원사무관등의법복에관한규칙,대법원규칙,207616
점자법,시행규칙,269585
점자법,시행령,279897
점자법,법률,273359
고위공무원단인사규정,대통령령,263095
목재의지속가능한이용에관한법률,시행규칙,285847
목재의지속가능한이용에관한법률,시행령,281361
목재의지속가능한이용에관한법률,법률,259037
군인사법,시행규칙,283479
군인사법,시행령,283137
군인사법,법률,283197
스마트도시조성및산업진흥등에관한법률,시행규칙,235941
스마트도시조성및산업진흥등에관한법률,시행령,283787
스마트도시조성및산업진흥등에관한법률,법률,284377
해양재난구조대의설치및운영에관한법률,시행규칙,268177
해양재난구조대의설치및운영에관한법률,시행령,266757
해양재난구조대의설치및운영에관한법률,법률,257823
폐기물의국가간이동및그처리에관한법률,시행령,285285
폐기물의국가간이동및그처리에관한법률,법률,276799
과학기술정보통신부장관의소속청장지휘에관한규칙,과학기술정보통신부령,282211
독도의용수비대지원법,시행령,249715
독도의용수비대지원법,법률,248545
국가교육위원회설치및운영에관한법률,시행령,242135
국가교육위원회설치및운영에관한법률,법률,233989
지능형건축물의인증에관한규칙,국토해양부령,193078
국무회의규정,대통령령,281509
영유아보육법,시행규칙,279933
영유아보육법,시행령,284623
영유아보육법,법률,279719
독립유공자예우에관한법률,시행규칙,270859
독립유공자예우에관한법률,시행령,282523
독립유공자예우에관한법률,법률,283367
공공차관의도입및관리에관한법률,시행규칙,282595
공공차관의도입및관리에관한법률,법률,276061
수산자원관리법,시행규칙,282247
수산자원관리법,시행령,285445
수산자원관리법,법률,285169
개발이익환수에관한법률,시행규칙,250247
개발이익환수에관한법률,시행령,269103
개발이익환수에관한법률,법률,251519
우편법,조선총독부법률,64908
우편법,법률(법률),285143
우편법,시행규칙,279125
우편법,시행령,272793
우편법,법률,53503
우편법,군정법령,65982
지적측량,시행규칙,267509
특허법ㆍ실용신안법ㆍ의장법ㆍ상표법의시행에관한규칙,대법원규칙,54222
도서ㆍ벽지교육진흥법,시행규칙,282771
도서ㆍ벽지교육진흥법,법률,137358
선박법,시행규칙,271583
선박법,시행령,210726
선박법,법률,243141
선박법,군정법령,62758
주택임대차계약증서의확정일자부여및정보제공에관한규칙,대법원규칙,232367
전문약사의자격인정등에관한규칙,보건복지부령,252857
항만운송사업법,시행규칙,271379
항만운송사업법,시행령,256817
항만운송사업법,법률,251927
사행행위등규제및처벌특례법,시행규칙,261039
사행행위등규제및처벌특례법,시행령,246287
사행행위등규제및처벌특례법,법률,257335
사회재난구호및복구비용부담기준등에관한규정,대통령령,279949
지역사랑상품권이용활성화에관한법률,시행규칙,219965
지역사랑상품권이용활성화에관한법률,시행령,283549
지역사랑상품권이용활성화에관한법률,법률,276365
인적자원개발기본법,시행령,280963
인적자원개발기본법,법률,276189
국회에서의증인등비용지급에관한규칙,국회규칙,35771
정보처리시스템에의한집행관사무처리규칙,대법원규칙,91717
육군공병학교령,대통령령(대통령령),273549
육군공병학교령,대통령령,24242
경제총조사규칙,기획재정부령,280733
전통소싸움경기에관한법률,시행규칙,269527
전통소싸움경기에관한법률,시행령,284857
전통소싸움경기에관한법률,법률,241979
정부업무평가기본법,시행령,285797
정부업무평가기본법,법률,277285
감사원행정심판위원회규칙,감사원규칙,244417
대학수학능력시험출제위원지정ㆍ위촉에관한규칙,교육부령,283827
새만금개발청직제,시행규칙,282761
새만금개발청직제,대통령령,282511
국군조직법,법률,114744
모빌리티혁신및활성화지원에관한법률,시행규칙,266043
모빌리티혁신및활성화지원에관한법률,시행령,281663
모빌리티혁신및활성화지원에관한법률,법률,276989
외국인학교및외국인유치원의설립ㆍ운영에관한규정,대통령령,270517
문화유산의보존및활용에관한법률,시행규칙,271617
문화유산의보존및활용에관한법률,시행령,282315
문화유산의보존및활용에관한법률,법률,283305
승강기산업진흥법,시행규칙,264357
승강기산업진흥법,시행령,282979
승강기산업진흥법,법률,259435
제품의포장재질ㆍ포장방법에관한기준등에관한규칙,환경부령,279001
국립중앙의료원의설립및운영에관한법률,시행규칙,166814
국립중앙의료원의설립및운영에관한법률,시행령,209635
국립중앙의료원의설립및운영에관한법률,법률,202640
양곡관리법,시행규칙,252981
양곡관리법,시행령,281097
양곡관리법,법률,276447
도로교통법,시행규칙,285317
도로교통법,시행령,283551
도로교통법,법률,281875
3ㆍ15의거참여자의명예회복등에관한법률,시행령,283609
3ㆍ15의거참여자의명예회복등에관한법률,법률,233957
예비전력관리업무담당자선발규칙,국방부령,262529
보건복지부와그소속기관직제,대통령령(대통령령),284631
보건복지부와그소속기관직제,시행규칙,84682
보건복지부와그소속기관직제,시행규칙(보건복지부령),285079
보건복지부와그소속기관직제,대통령령,85622
국가재정법,시행령,285795
국가재정법,법률,285189
부패방지및국민권익위원회의설치와운영에관한법률의시행에관한국회규칙,국회규칙,280715
한국농수산식품유통공사법,시행령,281571
한국농수산식품유통공사법,법률,214501
검사의수사개시범죄범위에관한규정,대통령령,263971
외교안보연구조성비지급규정,대통령령,135735
한강수계관리위원회규정,대통령령,278619
경찰공무원보건안전및복지기본법,시행령,281727
경찰공무원보건안전및복지기본법,법률,260447
인체적용제품의위해성평가에관한법률,시행규칙,239975
인체적용제품의위해성평가에관한법률,시행령,283795
인체적용제품의위해성평가에관한법률,법률,269959
인신보호법,법률,198482
양봉산업의육성및지원에관한법률,시행규칙,283057
양봉산업의육성및지원에관한법률,시행령,245585
양봉산업의육성및지원에관한법률,법률,272867
개의식용목적의사육ㆍ도살및유통등종식에관한특별법,시행령,281565
개의식용목적의사육ㆍ도살및유통등종식에관한특별법,법률,259651
고등법원부장판사급이상의법관의보직범위에관한규칙,대법원규칙,230581
미국및프랑스산부틸글리콜에테르에대한덤핑방지관세부과에관한규칙,기획재정부령,244019
국민연금과직역연금의연계에관한법률,시행규칙,240833
국민연금과직역연금의연계에관한법률,시행령,281155
국민연금과직역연금의연계에관한법률,법률,234675
한의약육성법,시행령,281597
한의약육성법,법률,259851
교통ㆍ에너지ㆍ환경세법,시행규칙,270243
교통ㆍ에너지ㆍ환경세법,시행령,285301
교통ㆍ에너지ㆍ환경세법,법률,276071
법관인사규칙,대법원규칙,269593
자율운항선박개발및상용화촉진에관한법률,시행규칙,284575
자율운항선박개발및상용화촉진에관한법률,시행령,281693
자율운항선박개발및상용화촉진에관한법률,법률,281889
보건의료기본법,시행령,283555
보건의료기본법,법률,279701
지방자치단체교육비특별회계예산편성운용에관한규칙,교육인적자원부령,244051
헌법재판소개인정보보호규칙,헌법재판소규칙,255265
과거사관련권고사항처리등에관한규정,대통령령,283611
국가경찰위원회규정,대통령령,249927
국채법,시행규칙,282627
국채법,시행령,280829
국채법,법률,276093
국가에귀속하는상속재산이전에관한법률,법률,96889
농어촌전기공급사업촉진법,시행령,278325
농어촌전기공급사업촉진법,법률,276489
작전사령부령,대통령령,205309
서민의금융생활지원에관한법률,시행령,285449
서민의금융생활지원에관한법률,법률,277261
어린이식생활안전관리특별법,시행규칙,260865
어린이식생활안전관리특별법,시행령,278073
어린이식생활안전관리특별법,법률,253663
고준위방사성폐기물관리에관한특별법,시행령,278295
고준위방사성폐기물관리에관한특별법,법률,276463
행정중심복합도시국립박물관단지운영및지원에관한법률,시행령,244547
행정중심복합도시국립박물관단지운영및지원에관한법률,법률,243273
마약류불법거래방지에관한특례법,시행령,115683
마약류불법거래방지에관한특례법,법률,228085
헌법재판소청원규칙,헌법재판소규칙,246375
영재교육진흥법,시행령,256503
영재교육진흥법,법률,276181
어업ㆍ양식업등록령,대통령령,247663
행정조사기본법,시행령,266817
행정조사기본법,법률,247861
전통시장및상점가육성을위한특별법,시행규칙,272729
전통시장및상점가육성을위한특별법,시행령,272573
전통시장및상점가육성을위한특별법,법률,280271
한국국제보건의료재단법,시행령,204532
한국국제보건의료재단법,법률,254857
고등교육법,시행령,283667
고등교육법,법률,283883
농촌융복합산업육성및지원에관한법률,시행규칙,256855
농촌융복합산업육성및지원에관한법률,시행령,266173
농촌융복합산업육성및지원에관한법률,법률,259081
군책임운영기관의지정ㆍ운영에관한법률,시행령,281475
군책임운영기관의지정ㆍ운영에관한법률,법률,276299
검사직무대리운영규정,대통령령,236767
보건복지부소속국립병원및국립재활원임상연구비지급규칙,보건복지부령,210611
남북협력기금법,시행규칙,263185
남북협력기금법,시행령,280975
남북협력기금법,법률,276271
공직자의이해충돌방지법의시행에관한선거관리위원회규칙,선거관리위원회규칙,266861
국토교통과학기술육성법,시행규칙,203848
국토교통과학기술육성법,시행령,264735
국토교통과학기술육성법,법률,268733
혁신도시조성및발전에관한특별법,시행규칙,239851
농지법,시행규칙,279529
농지법,시행령,284709
농지법,법률,284301
동학농민혁명참여자등의명예회복에관한특별법,시행령,281555
동학농민혁명참여자등의명예회복에관한특별법,법률,199779
디지털인사관리규정,대통령령,256829
방송미디어통신위원회의설치및운영에관한법률,법률,285177
안마사에관한규칙,보건복지가족부령,266293
재정경제부장관의소속청장에대한지휘에관한규칙,재정경제부령,282633
의료법,시행규칙,283869
의료법,시행령,283151
의료법,법률,285327
경기도수원시와용인시의관할구역변경에관한규정,대통령령,210097
조정위원규칙,대법원규칙,244065
교육환경보호에관한법률,시행규칙,241953
교육환경보호에관한법률,시행령,264411
교육환경보호에관한법률,법률,280023
한국마사회법,시행규칙,263295
한국마사회법,시행령,281575
한국마사회법,법률,265371
공직선거법,법률,285837
어린이놀이시설안전관리법,시행규칙,247969
어린이놀이시설안전관리법,시행령,267127
어린이놀이시설안전관리법,법률,283741
항공보안법,시행규칙,267441
항공보안법,시행령,280295
항공보안법,법률,283745
경찰공무원등의개인정보처리에관한규정,대통령령,266819
선거관리위원회감사위원회규칙,선거관리위원회규칙,256385
산업기술혁신촉진법,시행규칙,278723
산업기술혁신촉진법,시행령,282965
산업기술혁신촉진법,법률,284363
구급차의기준및응급환자이송업의시설등기준에관한규칙,보건복지부령,269865
기후에너지환경부와그소속기관직제,시행규칙,285085
기후에너지환경부와그소속기관직제,대통령령,284585
법무부소관비영리법인의설립및감독에관한규칙,법무부령,193053
도시철도법,시행규칙,249109
도시철도법,시행령,281269
도시철도법,법률,258315
연구산업진흥법,시행규칙,262117
연구산업진흥법,시행령,261923
연구산업진흥법,법률,231603
고용상연령차별금지및고령자고용촉진에관한법률,시행규칙,282393
고용상연령차별금지및고령자고용촉진에관한법률,시행령,267181
고용상연령차별금지및고령자고용촉진에관한법률,법률,243057
실용신안법,조선총독부법률,67888
실용신안법,시행규칙,279089
실용신안법,시행령,277545
실용신안법,법률,277207
지방교육자치에관한법률,시행령,251971
지방교육자치에관한법률,법률,284617
경제자유구역및제주국제자유도시의외국교육기관설립ㆍ운영에관한특별법,시행령,284667
경제자유구역및제주국제자유도시의외국교육기관설립ㆍ운영에관한특별법,법률,230353
실화책임에관한법률,법률,93181
30개월이상복무한상등병만기전역자의특별진급을위한특별법,시행령,261603
30개월이상복무한상등병만기전역자의특별진급을위한특별법,법률,231363
시체해부및보존등에관한법률,시행규칙,231533
법원운영계획규칙,대법원규칙,71604
국회사무총장권한의위임에관한규칙,국회규칙,280707
민사조정규칙,대법원규칙,236639
국가유산영향진단법,시행규칙,279513
국가유산영향진단법,시행령,278097
국가유산영향진단법,법률,260463
군법무관임용법시행령,대통령령,163220
국토교통부와그소속기관직제,시행규칙,285259
국토교통부와그소속기관직제,대통령령,283647
원자력안전위원회의설치및운영에관한법률,시행령,233295
원자력안전위원회의설치및운영에관한법률,법률,268903
동산ㆍ채권등의담보에관한법률,시행령,108405
동산ㆍ채권등의담보에관한법률,법률,222425
환자안전법,시행규칙,266435
환자안전법,시행령,246337
환자안전법,법률,265481
국토의계획및이용에관한법률,시행규칙,284531
국토의계획및이용에관한법률,시행령,284689
국토의계획및이용에관한법률,법률,284013
배타적경제수역에서의외국인어업제한위반선박등에대한사법절차에관한규칙,법무부령,192674
주식ㆍ사채등의전자등록에관한법률,시행령,252119
주식ㆍ사채등의전자등록에관한법률,법률,283195
부동산실권리자명의등기에관한법률,시행규칙,106009
부동산실권리자명의등기에관한법률,시행령,262411
부동산실권리자명의등기에관한법률,법률,215759
부동산실권리자명의등기에관한법률,시행규칙(법무부령),193041
우주개발진흥법,시행규칙,270867
우주개발진흥법,시행령,279887
우주개발진흥법,법률,277159
중국ㆍ태국및인도네시아산폴리아미드필름에대한덤핑방지관세부과에관한규칙,기획재정부령,248381
10ㆍ27법난피해자의명예회복등에관한법률,시행령,277805
10ㆍ27법난피해자의명예회복등에관한법률,법률,253527
유기성폐자원을활용한바이오가스의생산및이용촉진법,시행규칙,278969
유기성폐자원을활용한바이오가스의생산및이용촉진법,시행령,278581
유기성폐자원을활용한바이오가스의생산및이용촉진법,법률,284317
지방공무원복무규정,대통령령,272849
사격및사격장안전관리에관한법률,시행규칙,264623
사격및사격장안전관리에관한법률,시행령,265033
사격및사격장안전관리에관한법률,법률,224499
긴급복지지원법,시행규칙,237465
긴급복지지원법,시행령,242023
긴급복지지원법,법률,270789
공인노무사법,시행규칙,247371
공인노무사법,시행령,265549
공인노무사법,법률,243059
접경지역지원특별법,시행령,269703
접경지역지원특별법,법률,276333
계엄법,시행령,246129
계엄법,법률,272873
한국국제협력단법,시행령,227967
한국국제협력단법,법률,216179
집행관규칙,대법원규칙,239181
법원감사위원회규칙,대법원규칙,265115
저출산ㆍ고령사회기본법,시행규칙,241703
저출산ㆍ고령사회기본법,시행령,281169
저출산ㆍ고령사회기본법,법률,259255
대한민국주재외국공관원등을위한신분증발급과관리에관한규칙,외교통상부령,243751
수치지도작성작업규칙,국토해양부령,171727
전기통신사업회계정리및보고에관한규정,대통령령,227801
온천법,시행규칙,279391
온천법,시행령,284813
온천법,법률,245249
석탄개발임시조치법,법률,22
전기통신금융사기피해방지및피해금환급에관한특별법,시행령,279543
전기통신금융사기피해방지및피해금환급에관한특별법,법률,283199
한ㆍ아프리카재단법,시행령,281461
한ㆍ아프리카재단법,법률,268563
도시형소공인지원에관한특별법,시행령,277485
도시형소공인지원에관한특별법,법률,277115
농업생명자원의보존ㆍ관리및이용에관한법률,시행규칙,253685
농업생명자원의보존ㆍ관리및이용에관한법률,시행령,215065
농업생명자원의보존ㆍ관리및이용에관한법률,법률,276435
공공주택특별법,시행규칙,282127
공공주택특별법,시행령,285441
공공주택특별법,법률,280067
경제교육지원법,시행령,280783
경제교육지원법,법률,276053
환경분야시험ㆍ검사등에관한법률,시행규칙,285097
환경분야시험ㆍ검사등에관한법률,시행령,284921
환경분야시험ㆍ검사등에관한법률,법률,284109
헌법재판소국선대리인의선임및보수에관한규칙,헌법재판소규칙,208973
교육감소속지방공무원평정규칙,교육과학기술부령,260101
행정소송법,법률,284287
관세법제85조에따른품목분류의적용기준에관한규칙,기획재정부령,239005
지방자치단체회계기준에관한규칙,행정자치부령,235355
옥외광고물등관리법,법률,273367
항공정보간행물발간규정,교통부령,206558
민ㆍ군기술협력사업촉진법,시행령,278343
민ㆍ군기술협력사업촉진법,법률,276505
평생교육법,시행규칙,282217
평생교육법,시행령,284897
평생교육법,법률,279615
공공기록물관리에관한법률,시행규칙,271255
공공기록물관리에관한법률,시행령,271131
공공기록물관리에관한법률,법률,277313
귀속재산처리법시행세칙,총리령,81099
농어촌정비법,시행규칙,282107
농어촌정비법,시행령,277853
농어촌정비법,법률,283947
산업발전법,시행규칙,278727
산업발전법,시행령,284769
산업발전법,법률,276525
쌀가공산업육성및쌀이용촉진에관한법률,시행규칙,211363
쌀가공산업육성및쌀이용촉진에관한법률,시행령,284799
쌀가공산업육성및쌀이용촉진에관한법률,법률,259041
서북도서방위사령부령,대통령령,197271
신행정수도후속대책을위한연기ㆍ공주지역행정중심복합도시건설을위한특별법,시행령,281283
신행정수도후속대책을위한연기ㆍ공주지역행정중심복합도시건설을위한특별법,법률,277009
성희롱ㆍ성폭력근절을위한공무원인사관리규정,대통령령,278057
중국및인도산폴리에틸렌테레프탈레이트(PET)필름에대한덤핑방지관세부과에관한규칙,기획재정부령(기획재정부령),283817
중국및인도산폴리에틸렌테레프탈레이트(PET)필름에대한덤핑방지관세부과에관한규칙,기획재정부령,125704
검사복무평정규칙,법무부령,214711
인지첩부ㆍ첨부및공탁제공에관한특례법,법률,130810
상가건물임대차보호법,시행령,280987
상가건물임대차보호법,법률,279651
스토킹방지및피해자보호등에관한법률,시행령,277447
스토킹방지및피해자보호등에관한법률,법률,276885
근로감독관증규칙,고용노동부령,184050
경기도수원시와화성시의관할구역변경에관한규정,대통령령,219671
수자원의조사ㆍ계획및관리에관한법률,시행규칙,278947
수자원의조사ㆍ계획및관리에관한법률,시행령,278565
수자원의조사ㆍ계획및관리에관한법률,법률,276759
철도사업법,시행규칙,255517
철도사업법,시행령,256717
철도사업법,법률,277031
교육국제화특구의지정ㆍ운영및육성에관한특별법,시행령,281437
교육국제화특구의지정ㆍ운영및육성에관한특별법,법률,230359
범죄피해자보호기금법,시행령,280985
범죄피해자보호기금법,법률,276279
방위산업에관한착수금및중도금지급규칙,국방부령,283235
대구경북과학기술원법,시행령,278219
대구경북과학기술원법,법률,276221
한국석유공사법,시행령,281147
한국석유공사법,법률,276629
철도시설관리권등록령,시행규칙,193738
철도시설관리권등록령,대통령령,227909
비영리민간단체지원법,시행규칙,250631
비영리민간단체지원법,시행령,283999
비영리민간단체지원법,법률,241935
대한민국학술원법,법률,215653
해군작전사령부령,대통령령,265533
주세법,시행규칙,282683
주세법,시행령,283483
주세법,법률,267559
학교보건법,시행규칙,273853
학교보건법,시행령,284905
학교보건법,법률,283361
베트남법원연수원역량강화사업기술용역계약에따른용역비취급규칙,대법원규칙,139904
산업통상자원부장관의소속청장에대한지휘에관한규칙,산업통상자원부령,196257
국방전직교육원법,시행령,256507
국방전직교육원법,법률,248501
국토안전관리원법,시행령,223203
국토안전관리원법,법률,276957
국방과학기술혁신촉진법,시행규칙,230705
국방과학기술혁신촉진법,시행령,261995
국방과학기술혁신촉진법,법률,283941
송달료규칙,대법원규칙,244749
여성기업지원에관한법률,시행령,262701
여성기업지원에관한법률,법률,255889
민간임대주택에관한특별법,시행규칙,280639
민간임대주택에관한특별법,시행령,277959
민간임대주택에관한특별법,법률,276995
부동산개발사업관리등에관한법률,시행규칙,280167
부동산개발사업관리등에관한법률,시행령,279867
부동산개발사업관리등에관한법률,법률,276997
자원봉사활동기본법,시행령,281035
자원봉사활동기본법,법률,253969
장애예술인문화예술활동지원에관한법률,시행규칙,224213
장애예술인문화예술활동지원에관한법률,시행령,282327
장애예술인문화예술활동지원에관한법률,법률,244739
인천광역시ㆍ경기도자치구ㆍ시ㆍ군의원지역선거구의명칭ㆍ구역및의원정수에관한규칙,중앙선거관리위원회규칙,285851
군인급식규정,대통령령,128702
소송촉진등에관한특례법제3조제1항본문의법정이율에관한규정,대통령령,208701
특정연구기관육성법,시행령,272823
특정연구기관육성법,법률,267365
행정안전부장관이시행하는5급이상지방공무원임용시험,시행규칙,235361
노후준비지원법,시행규칙,243313
노후준비지원법,시행령,266791
노후준비지원법,법률,267389
불법정치자금등의몰수에관한특례법,법률,232299
입목에관한법률,시행령,126151
입목에관한법률,법률,265385
정당법,법률,257687
고향사랑기부금에관한법률,시행령,270065
고향사랑기부금에관한법률,법률,260449
사립학교교직원연금법,시행령,281443
사립학교교직원연금법,법률,279623
군인유족기장령시행세칙,국방부령,124263
보안관찰법에따른군관계보안관찰처분에관한규칙,국방부령,256947
한국광해광업공단법,시행령,281145
한국광해광업공단법,법률,281913
전투경찰대설치법,시행령,281729
전투경찰대설치법,법률,230431
도시철도건설규칙,교통부령,273257
가석방자관리규정,대통령령,243607
법원공용차량관리규칙,대법원규칙,285841
국가유공자등예우및지원에관한법률,시행규칙,280321
국가유공자등예우및지원에관한법률,시행령,284685
국가유공자등예우및지원에관한법률,법률,283431
공익법무관에관한법률,시행규칙,182360
공익법무관에관한법률,시행령,271437
공익법무관에관한법률,법률,182009
부패재산의몰수및회복에관한특례법,시행규칙,223127
부패재산의몰수및회복에관한특례법,시행령,222899
부패재산의몰수및회복에관한특례법,법률,285181
만화진흥에관한법률,시행규칙,178873
만화진흥에관한법률,시행령,254695
만화진흥에관한법률,법률,248893
국회청원심사규칙,국회규칙,252859
공무원임용시험령,대통령령,271459
대한석탄공사법,시행령,281119
대한석탄공사법,법률,276495
체육시설의설치ㆍ이용에관한법률,시행규칙,270907
체육시설의설치ㆍ이용에관한법률,시행령,270521
체육시설의설치ㆍ이용에관한법률,법률,265883
건축물의구조기준등에관한규칙,건설교통부령,267091
지진재해대책법,법률,260835
행정협의회의구성및운영에관한규칙,행정자치부령,285421
공공단체등위탁선거에관한법률,법률,283951
국립박물관소장유물복제규칙,문화관광부령,187314
해군교육사령부령,대통령령,197300
하천의유지ㆍ보수및안전점검에관한규칙,국토해양부령,279027
양성평등교육심의회규정,대통령령,278261
공무원고충처리규정,대통령령,267293
정보및보안업무기획ㆍ조정규정,대통령령,281403
대통령직인수에관한법률,법률,195072
특별감찰관법,시행령,155665
특별감찰관법,법률,152098
영장심의위원회규칙,법무부령,228425
제2연평해전전사자보상에관한특별법,시행령,277679
제2연평해전전사자보상에관한특별법,법률,248507
선박및해상구조물에대한위해행위의처벌등에관한법률,법률,230155
해양환경보전및활용에관한법률,시행령,267721
해양환경보전및활용에관한법률,법률,257721
건설기술진흥법,시행규칙,279455
건설기술진흥법,시행령,283649
건설기술진흥법,법률,276921
생물학적제제등의제조ㆍ판매관리규칙,총리령,248175
이스포츠(전자스포츠)진흥에관한법률,시행규칙,232757
이스포츠(전자스포츠)진흥에관한법률,시행령,210376
이스포츠(전자스포츠)진흥에관한법률,법률,265881
과세자료의제출및관리에관한법률,시행규칙,284977
과세자료의제출및관리에관한법률,시행령,283619
과세자료의제출및관리에관한법률,법률,276065
집행관법,법률,222441
지방별정직공무원인사규정,대통령령,281829
총포ㆍ도검ㆍ화약류등의안전관리에관한법률,시행규칙,282777
총포ㆍ도검ㆍ화약류등의안전관리에관한법률,시행령,284947
총포ㆍ도검ㆍ화약류등의안전관리에관한법률,법률,268135
특수임무수행자보상에관한법률,시행령,277689
특수임무수행자보상에관한법률,법률,266669
공정거래위원회와그소속기관직제,시행규칙,285011
공정거래위원회와그소속기관직제,대통령령,284935
공기업ㆍ준정부기관계약사무규칙,기획재정부령,285569
국립각급학교관인규칙,교육과학기술부령,230567
재난안전통신망법,시행령,265225
재난안전통신망법,법률,232629
범죄인인도법에의한인도심사등의절차에관한규칙,대법원규칙,81087
공간정보산업진흥법,시행규칙,203349
공간정보산업진흥법,시행령,268987
공간정보산업진흥법,법률,258475
군위군의대구광역시편입에따른법원관할구역변경에관한규칙,대법원규칙,251149
한국국방연구원법,시행령,281501
한국국방연구원법,법률,240041
한국해양교통안전공단법,시행령,281319
한국해양교통안전공단법,법률,206378
한국보건복지인재원법,시행령,239967
한국보건복지인재원법,법률,234267
동물원및수족관의관리에관한법률,시행규칙,278901
동물원및수족관의관리에관한법률,시행령,282311
동물원및수족관의관리에관한법률,법률,276725
금에관한임시조치법,법률,29
헌법재판연구원운영규칙,헌법재판소규칙,235209
도로명주소법,시행규칙,282089
도로명주소법,시행령,281515
도로명주소법,법률,260613
뉴스통신진흥에관한법률,시행령,281553
뉴스통신진흥에관한법률,법률,276389
기술의이전및사업화촉진에관한법률,시행규칙,278707
기술의이전및사업화촉진에관한법률,시행령,284941
기술의이전및사업화촉진에관한법률,법률,276481
선거관리위원회정보공개규칙,중앙선거관리위원회규칙,233347
보건복지부소관비상대비에관한법률,시행규칙,246201
남조선과도정부법령제150호,법률,26
지방공무원인사교류규칙,내무부령,261725
군사경찰의직무수행에관한법률,시행령,283149
군사경찰의직무수행에관한법률,법률,269939
헌법재판소정보공개규칙,헌법재판소규칙,235437
한국자유총연맹육성에관한법률,법률,195118
부동산등기법,법률,265377
윤석열전대통령등에의한내란ㆍ외환행위의진상규명을위한특별검사임명등에관한법률,법률,273921
수입인지에관한법률,시행규칙,282653
수입인지에관한법률,시행령,280869
수입인지에관한법률,법률,276129
공직선거관리규칙,중앙선거관리위원회규칙,285739
내란ㆍ외환ㆍ반란범죄등의형사절차에관한특례법,법률,282483
국회기및국회배지등에관한규칙,국회규칙,154583
대법관후보추천위원회규칙,대법원규칙,203637
지방행정동우회법,법률,216201
관광진흥개발기금법,시행규칙,107533
관광진흥개발기금법,시행령,281069
관광진흥개발기금법,법률,270601
집합건물의소유및관리에관한법률,시행령,254889
집합건물의소유및관리에관한법률,법률,249285
표준설계도서등의운영에관한규칙,국토교통부령,264023
사법연수생의보수에관한규칙,대법원규칙,283813
헌법재판소재판관의법복에관한규칙,헌법재판소규칙,165345
보건복지부장관의소속청장지휘에관한규칙,보건복지부령,282235
금융거래지표의관리에관한법률,시행령,281373
금융거래지표의관리에관한법률,법률,277243
지방자치단체를당사자로하는계약에관한법률,시행규칙,285747
지방자치단체를당사자로하는계약에관한법률,시행령,281055
지방자치단체를당사자로하는계약에관한법률,법률,254767
농수산물품질관리법,시행규칙,285591
농수산물품질관리법,시행령,277847
농수산물품질관리법,법률,276415
법원조직법,군정법률,62735
법원조직법,법률,285179
소년법,법률,222435
헌법재판소공무원명예퇴직수당등지급규칙,헌법재판소규칙,251189
윤리특별위원회운영등에관한규칙,국회규칙,232111
핵융합에너지개발진흥법,시행령,195470
핵융합에너지개발진흥법,법률,276257
풍속영업의규제에관한법률,시행령,215243
풍속영업의규제에관한법률,법률,224541
군사법원의조직및운영에관한규정,대통령령,241421
환경정책기본법,시행규칙,279061
환경정책기본법,시행령,280511
환경정책기본법,법률,276839
감사연구원직제,감사원규칙,285777
밀항단속법,법률,214319
혼인신고특례법시행령,대통령령,187752
민주평화통일자문회의법,시행령,282487
민주평화통일자문회의법,법률,249365
채용절차의공정화에관한법률,시행규칙,166363
채용절차의공정화에관한법률,시행령,209867
채용절차의공정화에관한법률,법률,218301
국토교통부소관비상대비에관한법률,시행규칙,247377
해외농업ㆍ산림자원개발협력법,시행규칙,266129
해외농업ㆍ산림자원개발협력법,시행령,266035
해외농업ㆍ산림자원개발협력법,법률,284325
국가를당사자로하는소송에관한법률,시행규칙,240257
국가를당사자로하는소송에관한법률,시행령,227271
국가를당사자로하는소송에관한법률,법률,91382
제주특별자치도의공직선거후보자등록신청등에관한규칙,중앙선거관리위원회규칙,202602
소나무재선충병방제특별법,시행규칙,209994
소나무재선충병방제특별법,시행령,263539
소나무재선충병방제특별법,법률,277187
해양생태계의보전및관리에관한법률,시행규칙,282101
해양생태계의보전및관리에관한법률,시행령,283011
해양생태계의보전및관리에관한법률,법률,260515
한국원자력안전기술원법,시행령,227979
한국원자력안전기술원법,법률,265973
인구감소지역지원특별법,시행령,279909
인구감소지역지원특별법,법률,271263
녹색융합클러스터의조성및육성에관한법률,시행규칙,282243
녹색융합클러스터의조성및육성에관한법률,시행령,278511
녹색융합클러스터의조성및육성에관한법률,법률,276709
재외국민의가족관계등록창설,가족관계등록부정정및가족관계등록부정리에관한특례법,법률,167953
산림재난방지법,시행규칙,283211
산림재난방지법,시행령,283123
산림재난방지법,법률,268857
새마을운동조직육성법,시행령,227573
새마을운동조직육성법,법률,212141
택지개발촉진법,시행규칙,235133
택지개발촉진법,시행령,284889
택지개발촉진법,법률,277037
제대혈관리및연구에관한법률,시행규칙,282067
제대혈관리및연구에관한법률,시행령,273329
제대혈관리및연구에관한법률,법률,258097
국회행정심판위원회규칙,국회규칙,280713
한국도로교통공단법,시행령,268447
한국도로교통공단법,법률,259489
경찰공무원법,법률,283691
국선변호정책심의위원회의설치및운영에관한규칙,대법원규칙,222019
산림자원의조성및관리에관한법률,시행규칙,283217
산림자원의조성및관리에관한법률,시행령,284763
산림자원의조성및관리에관한법률,법률,285139
사료관리법,시행규칙,266991
사료관리법,시행령,256791
사료관리법,법률,255451
경찰대학의학사운영에관한규정,대통령령,266955
경제안보를위한공급망안정화지원기본법,시행령,280785
경제안보를위한공급망안정화지원기본법,법률,285519
제로에너지건축물인증에관한규칙,국토교통부령,278999
인터넷주소자원에관한법률,시행령,243817
인터넷주소자원에관한법률,법률,285201
회계관계직원등의책임에관한법률,시행령,205233
회계관계직원등의책임에관한법률,법률,276163
선원법,시행규칙,264365
선원법,시행령,284017
선원법,법률,279821
청년기본법,시행령,285455
청년기본법,법률,277289
감사원정책자문위원회규칙,감사원규칙,244413
사법정책자문위원회규칙,대법원규칙,95033
심판기록열람ㆍ복사등에관한규칙,헌법재판소규칙,241083
법인세법,시행규칙,284993
법인세법,시행령,283635
법인세법,법률,280349
식품등기부활성화에관한법률,시행규칙,210616
식품등기부활성화에관한법률,시행령,209898
식품등기부활성화에관한법률,법률,208466
교육기본법,법률,285783
지뢰등특정재래식무기사용및이전의규제에관한법률,법률,153871
보건환경연구원법,법률,277215
친일반민족행위자재산의국가귀속에관한특별법,시행령,280997
친일반민족행위자재산의국가귀속에관한특별법,법률,113181
환경분쟁조정및환경피해구제등에관한법률,시행규칙,279053
환경분쟁조정및환경피해구제등에관한법률,시행령,278643
환경분쟁조정및환경피해구제등에관한법률,법률,276831
인삼산업법,시행규칙,285429
인삼산업법,시행령,284959
인삼산업법,법률,251875
검사인사규정,대통령령,227147
북한인권법,시행규칙,186159
북한인권법,시행령,186157
북한인권법,법률,258645
부동산개발업의관리및육성에관한법률,시행규칙,284543
부동산개발업의관리및육성에관한법률,시행령,256591
부동산개발업의관리및육성에관한법률,법률,250219
보호시설에있는미성년자의후견직무에관한법률,시행령,208499
보호시설에있는미성년자의후견직무에관한법률,법률,249869
검찰및특별사법경찰관리등의개인정보처리에관한규정,대통령령,243695
여성의경제활동촉진과경력단절예방법,시행규칙,278847
여성의경제활동촉진과경력단절예방법,시행령,277457
여성의경제활동촉진과경력단절예방법,법률,281947
건강기능식품에관한법률,시행규칙,270029
건강기능식품에관한법률,시행령,267803
건강기능식품에관한법률,법률,282005
장사등에관한법률,시행규칙,285427
장사등에관한법률,시행령,284837
장사등에관한법률,법률,265331
검사의국선변호사선정등에관한규칙,법무부령,270213
지방자치단체예산성과금운영규칙,행정안전부령,196191
국립공업고등학교설치령,대통령령,267219
협동연구개발촉진법,시행령,244189
협동연구개발촉진법,법률,268823
금융혁신지원특별법,시행령,246271
금융혁신지원특별법,법률,283389
임차권등기명령절차에관한규칙,대법원규칙,252747
비상대비에관한법률,시행규칙,243771
비상대비에관한법률,시행령,281523
비상대비에관한법률,법률,238763
한국가스공사법시행령,대통령령,278467
자연재난구호및복구비용부담기준등에관한규칙,행정안전부령,261733
지능형해상교통정보서비스의제공및이용활성화에관한법률,시행규칙,260157
지능형해상교통정보서비스의제공및이용활성화에관한법률,시행령,281695
지능형해상교통정보서비스의제공및이용활성화에관한법률,법률,243149
지방자치단체출자ㆍ출연기관의운영에관한법률,시행령,260001
지방자치단체출자ㆍ출연기관의운영에관한법률,법률,276355
재외동포의출입국과법적지위에관한법률,시행규칙,267499
재외동포의출입국과법적지위에관한법률,시행령,284843
재외동포의출입국과법적지위에관한법률,법률,268553
국회기록원법,법률,279751
공공폐자원관리시설의설치ㆍ운영및주민지원등에관한특별법,시행규칙,278873
공공폐자원관리시설의설치ㆍ운영및주민지원등에관한특별법,시행령,278499
공공폐자원관리시설의설치ㆍ운영및주민지원등에관한특별법,법률,276697
하천편입토지보상등에관한특별조치법,시행령,278615
하천편입토지보상등에관한특별조치법,법률,279799
지역신용보증재단법,시행령,281707
지역신용보증재단법,법률,280151
정부출연연구기관등의설립ㆍ운영및육성에관한법률,시행령,281393
정부출연연구기관등의설립ㆍ운영및육성에관한법률,법률,277287
별정직공무원인사규정,대통령령,271461
남녀고용평등과일ㆍ가정양립지원에관한법률,시행규칙,278673
남녀고용평등과일ㆍ가정양립지원에관한법률,시행령,277437
남녀고용평등과일ㆍ가정양립지원에관한법률,법률,284457
사도장학금에관한규정시행규칙,문교부령,137600
법관징계규칙,대법원규칙,229011
군인공제회법,법률,258059
호스피스ㆍ완화의료및임종과정에있는환자의연명의료결정에관한법률,시행규칙,282785
호스피스ㆍ완화의료및임종과정에있는환자의연명의료결정에관한법률,시행령,275197
호스피스ㆍ완화의료및임종과정에있는환자의연명의료결정에관한법률,법률,279765
아동ㆍ청소년의성보호에관한법률,시행규칙,278835
아동ㆍ청소년의성보호에관한법률,시행령,279185
아동ㆍ청소년의성보호에관한법률,법률,281957
근로자참여및협력증진에관한법률,시행규칙,251789
근로자참여및협력증진에관한법률,시행령,245235
근로자참여및협력증진에관한법률,법률,243063
소재ㆍ부품통계조사규칙,산업통상자원부령,278747
농림축산식품부소관식품산업진흥법,시행규칙,261405
중부내륙연계발전지역지원에관한특별법,시행령,263357
중부내륙연계발전지역지원에관한특별법,법률,276341
연구개발세액공제기술심의위원회의구성및운영에관한규칙,기획재정부령,282661
국군화생방방호사령부령,대통령령,197239
해양경찰청소속경찰공무원복제에관한규칙,해양수산부령,266095
중소기업기술보호지원에관한법률,시행령,267189
중소기업기술보호지원에관한법률,법률,281991
국제문화교류진흥법,시행규칙,199335
국제문화교류진흥법,시행령,256153
국제문화교류진흥법,법률,239469
중국및호주산수산화알루미늄에대한덤핑방지관세부과에관한규칙,기획재정부령,259379
분산에너지활성화특별법,시행규칙,283831
분산에너지활성화특별법,시행령,278349
분산에너지활성화특별법,법률,284359
국회의원선거구획정위원회구성및운영등에관한규칙,국회규칙,112564
저작권법,시행규칙,262525
저작권법,시행령,284845
저작권법,법률,283335
국가기술표준원등의시험ㆍ연구및기술지원규칙,산업통상자원부령,278701
주택도시기금법,시행규칙,248401
주택도시기금법,시행령,281291
주택도시기금법,법률,280125
산림교육의활성화에관한법률,시행규칙,250511
산림교육의활성화에관한법률,시행령,282321
산림교육의활성화에관한법률,법률,283755
노동조합및노동관계조정법,시행규칙,284021
노동조합및노동관계조정법,시행령,283803
노동조합및노동관계조정법,법률,273667
지방의회의원행동강령,대통령령,242783
여객자동차터미널구조및설비기준에관한규칙,건설교통부령,267089
지식재산처와그소속기관직제,시행규칙,283593
지식재산처와그소속기관직제,대통령령,283529
해양수산부와그소속기관직제,대통령령(대통령령),283527
해양수산부와그소속기관직제,시행규칙,85744
해양수산부와그소속기관직제,시행규칙(해양수산부령),283567
해양수산부와그소속기관직제,대통령령,85461
교도관직무규칙,법무부령,270769
공직자등의병역사항신고및공개에관한법률,시행규칙,251803
공직자등의병역사항신고및공개에관한법률,시행령,245499
공직자등의병역사항신고및공개에관한법률,법률,245981
장애아동복지지원법,시행규칙,280637
장애아동복지지원법,시행령,266527
장애아동복지지원법,법률,270803
담보부사채신탁법시행규칙,재무부령,83895
유네스코활동에관한법률,법률,276183
디지털의료제품법,시행규칙,283055
디지털의료제품법,시행령,268643
디지털의료제품법,법률,260593
경영지도사및기술지도사에관한법률,시행규칙,231549
경영지도사및기술지도사에관한법률,시행령,282923
경영지도사및기술지도사에관한법률,법률,261201
의무ㆍ수의장교선발에관한규칙,국방부령,237257
화재의예방및안전관리에관한법률,시행규칙,279509
화재의예방및안전관리에관한법률,시행령,284919
화재의예방및안전관리에관한법률,법률,283705
경기도안양시와광명시의관할구역변경에관한규정,대통령령,241167
국방부및그소속청소관비영리법인의설립및감독에관한규칙,국방부령,280729
정부보관금취급규칙,재무부령,282671
헌법재판소재판관회의규칙,헌법재판소규칙,267473
도시공원및녹지등에관한법률,시행규칙,267085
도시공원및녹지등에관한법률,시행령,284731
도시공원및녹지등에관한법률,법률,284061
공인중개사의매수신청대리인등록등에관한규칙,대법원규칙,244751
형사보상및명예회복에관한법률,시행령,117324
형사보상및명예회복에관한법률,법률,257507
공적자금상환기금법,시행령,281747
공적자금상환기금법,법률,277239
법원공무원의구분변경에따른전직임용등에관한특례규칙,대법원규칙,147633
치유관광산업육성에관한법률,시행규칙,285593
치유관광산업육성에관한법률,시행령,285557
치유관광산업육성에관한법률,법률,270583
육군부사관학교령,대통령령,197282
공공차관의도입및관리에관한법률시행령,대통령령(대통령령),280791
공공차관의도입및관리에관한법률시행령,대통령령,10204
형사사법절차에서의전자문서이용등에관한법률,시행령,271391
형사사법절차에서의전자문서이용등에관한법률,법률,236225
아시아문화중심도시조성에관한특별법,시행규칙,282073
아시아문화중심도시조성에관한특별법,시행령,284801
아시아문화중심도시조성에관한특별법,법률,284133
법관이관여할수없는직무등에관한규칙,대법원규칙,32988
해양환경관리법,시행규칙,282103
해양환경관리법,시행령,278039
해양환경관리법,법률,283747
재정경제부및그소속청소관비영리법인의설립및감독에관한규칙,재정경제부령,282629
국방정신전력원령,대통령령,223181
국제형사사법공조법,법률,228083
첨단산업인재혁신특별법,시행규칙,278779
첨단산업인재혁신특별법,시행령,281141
첨단산업인재혁신특별법,법률,276615
관광기본법,법률,270599
의료유사업자에관한규칙,보건복지부령,272545
한국토지주택공사법,시행령,281303
한국토지주택공사법,법률,277051
국세ㆍ관세ㆍ지방세체납자에대한감치의재판에관한규칙,대법원규칙,242631
항로표지법,시행규칙,279303
항로표지법,시행령,279221
항로표지법,법률,270843
중앙선거관리위원회규칙의공포에관한규칙,중앙선거관리위원회규칙,36583
중국산탄소강및그밖의합금강열간압연후판에대한덤핑방지관세부과에관한규칙,기획재정부령,282689
경찰병원임상연구비지급규칙,행정안전부령,108627
육군종합행정학교령,대통령령,273561
농어촌마을주거환경개선및리모델링촉진을위한특별법,시행규칙,159433
농어촌마을주거환경개선및리모델링촉진을위한특별법,시행령,281679
농어촌마을주거환경개선및리모델링촉진을위한특별법,법률,276429
유료도로관리권등록령,시행규칙,235095
유료도로관리권등록령,대통령령,227741
한국학중앙연구원육성법,시행령,214019
한국학중앙연구원육성법,법률,210142
군사법경찰수사규칙,국방부령,252235
국회도서관운영에관한규칙,국회규칙,203077
세월호선체조사위원회의설치및운영에관한특별법,시행령,195792
세월호선체조사위원회의설치및운영에관한특별법,법률,284131
국가를당사자로하는계약에관한법률,시행규칙,282607
국가를당사자로하는계약에관한법률,시행령,280803
국가를당사자로하는계약에관한법률,법률,283877
등기업무전산화추진위원회규칙,대법원규칙,34384
등기업무전산화추진위원회규칙,대법원규칙(대법원규칙),82720
자유무역협정체결에따른농어업인등의지원에관한특별법,시행규칙,279533
자유무역협정체결에따른농어업인등의지원에관한특별법,시행령,281099
자유무역협정체결에따른농어업인등의지원에관한특별법,법률,285547
골재채취법,시행규칙,284527
골재채취법,시행령,281643
골재채취법,법률,276933
천연물신약연구개발촉진법,시행령,150615
천연물신약연구개발촉진법,법률,206699
영화및비디오물의진흥에관한법률,시행규칙,270865
영화및비디오물의진흥에관한법률,시행령,284811
영화및비디오물의진흥에관한법률,법률,279649
고등법원부의지방법원소재지에서의사무처리에관한규칙,대법원규칙,218593
중국산침엽수합판에대한덤핑방지관세부과에관한규칙,기획재정부령(기획재정부령),263781
중국산침엽수합판에대한덤핑방지관세부과에관한규칙,기획재정부령,239009
산림조합법,시행규칙,257357
산림조합법,시행령,284765
산림조합법,법률,284305
국고금관리법의관직지정에관한규칙,헌법재판소규칙,280325
내수면어업법,시행규칙,248049
내수면어업법,시행령,284703
내수면어업법,법률,259909
방위사업감독관직무등에관한규칙,국방부령,210539
재외국민등록법,시행규칙,273299
재외국민등록법,시행령,273187
재외국민등록법,법률,248495
아이돌봄지원법,시행규칙,285573
아이돌봄지원법,시행령,285581
아이돌봄지원법,법률,285395
감사원모범공직자및모범부서ㆍ기관선발에관한규칙,감사원규칙,259019
농업ㆍ농촌공익기능증진직접지불제도운영에관한법률,시행규칙,271589
농업ㆍ농촌공익기능증진직접지불제도운영에관한법률,시행령,281093
농업ㆍ농촌공익기능증진직접지불제도운영에관한법률,법률,276433
특정물품등의조달에관한국가를당사자로하는계약에관한법률시행특례규칙,재정경제부령,282695
국립대학법인서울대학교설립ㆍ운영에관한법률,시행규칙,233539
국립대학법인서울대학교설립ㆍ운영에관한법률,시행령,280957
국립대학법인서울대학교설립ㆍ운영에관한법률,법률,276167
수표법,법률,103946
서울특별시행정특례에관한법률시행령,대통령령,237913
민방위기본법,시행규칙,271515
민방위기본법,시행령,281517
민방위기본법,법률,270361
국제협력요원제도폐지에따른순직심사등에관한법률,시행령,249601
국제협력요원제도폐지에따른순직심사등에관한법률,법률,248487
에너지법,시행규칙,278961
에너지법,시행령,281201
에너지법,법률,284379
판례심사위원회규칙,대법원규칙,147612
기술대학설립ㆍ운영규정,대통령령,254877
국가통합교통체계효율화법,시행규칙,279469
국가통합교통체계효율화법,시행령,281649
국가통합교통체계효율화법,법률,276951
백두대간보호에관한법률,시행령,278099
백두대간보호에관한법률,법률,284357
국립해양과학관의설립및운영에관한법률,시행령,218099
국립해양과학관의설립및운영에관한법률,법률,267433
검찰근무규칙,법무부령,240199
국가연구개발혁신법,시행규칙,285043
국가연구개발혁신법,시행령,285767
국가연구개발혁신법,법률,283849
해양치유자원의관리및활용에관한법률,시행규칙,244173
해양치유자원의관리및활용에관한법률,시행령,280627
해양치유자원의관리및활용에관한법률,법률,267393
문화유산과자연환경자산에관한국민신탁법,시행령,278533
문화유산과자연환경자산에관한국민신탁법,법률,276729
건설근로자의고용개선등에관한법률,시행규칙,265105
건설근로자의고용개선등에관한법률,시행령,277395
건설근로자의고용개선등에관한법률,법률,234693
발명진흥법,시행령,279193
발명진흥법,법률,277197
상공회의소법,시행령,278371
상공회의소법,법률,280033
형사소송규칙,대법원규칙,273605
교과용도서에관한규정,대통령령,279889
인쇄문화산업진흥법,시행령,229457
인쇄문화산업진흥법,법률,270557
해양경찰분야과학기술진흥에관한규정,대통령령,236141
국방부군사편찬연구소령,대통령령,204074
사회적기업육성법,시행규칙,212633
사회적기업육성법,시행령,281623
사회적기업육성법,법률,122694
주거기본법,시행규칙,202145
주거기본법,시행령,281289
주거기본법,법률,280141
사회복지사업법,시행규칙,283859
사회복지사업법,시행령,283185
사회복지사업법,법률,270405
국가바이오혁신위원회의설치및운영에관한규정,대통령령,283797
선박의입항및출항등에관한법률,시행규칙,266487
선박의입항및출항등에관한법률,시행령,256609
선박의입항및출항등에관한법률,법률,265951
철도산업발전기본법,법률,280127
중앙선거관리위원회위원수당등에관한규칙,선거관리위원회규칙,260131
재판기록열람ㆍ복사규칙,대법원규칙,273607
개인정보단체소송규칙,대법원규칙,117412
시ㆍ도자치경찰위원회에두는경찰공무원의정원에관한규정,시행규칙,248105
시ㆍ도자치경찰위원회에두는경찰공무원의정원에관한규정,대통령령,247973
개발제한구역의지정및관리에관한특별조치법,시행규칙,260441
개발제한구역의지정및관리에관한특별조치법,시행령,285499
개발제한구역의지정및관리에관한특별조치법,법률,254803
등기사항증명서등수수료규칙,대법원규칙,272961
재난적의료비지원에관한법률,시행규칙,273903
재난적의료비지원에관한법률,시행령,271009
재난적의료비지원에관한법률,법률,249317
간호법,시행규칙,272543
간호법,시행령,272437
간호법,법률,283885
지능형로봇개발및보급촉진법,시행령(대통령령),278445
지능형로봇개발및보급촉진법,시행규칙,278777
지능형로봇개발및보급촉진법,시행령,195890
지능형로봇개발및보급촉진법,법률,276607
대법원규칙등의제ㆍ개정절차등에관한규칙,대법원규칙,230511
국가지식정보연계및활용촉진에관한법률,시행령,280931
국가지식정보연계및활용촉진에관한법률,법률,276213
인터넷멀티미디어방송사업법,시행령,277565
인터넷멀티미디어방송사업법,법률,277363
소방공무원보건안전및복지기본법,시행령,284587
소방공무원보건안전및복지기본법,법률,270329
후견등기에관한법률,법률,198486
민사소송비용규칙,대법원규칙,191496
행정절차법,시행규칙,243859
행정절차법,시행령,253247
행정절차법,법률,239291
선거관리위원회공무원윤리강령,중앙선거관리위원회규칙,97307
헌법재판소증거조사비용규칙,헌법재판소규칙,208975
수산업의장려및진흥을위한자금의융자에관한규칙,해양수산부령,248059
미래국방전략위원회의설치및운영에관한규정,대통령령,280217
법정좌석에관한규칙,대법원규칙,208326
국립대학법인인천대학교설립ㆍ운영에관한법률,시행규칙,233541
국립대학법인인천대학교설립ㆍ운영에관한법률,시행령,268347
국립대학법인인천대학교설립ㆍ운영에관한법률,법률,276169
농업산ㆍ학협동심의회규정,대통령령,213723
범죄수익은닉의규제및처벌등에관한법률,시행령,229499
범죄수익은닉의규제및처벌등에관한법률,법률,238751
귀속재산처리법,법률,276095
발달장애인권리보장및지원에관한법률,시행규칙,276021
발달장애인권리보장및지원에관한법률,시행령,273849
발달장애인권리보장및지원에관한법률,법률,279671
항공기등록령,각령,224071
기업부설연구소등의연구개발지원에관한법률,시행규칙,283223
기업부설연구소등의연구개발지원에관한법률,시행령,282915
기업부설연구소등의연구개발지원에관한법률,법률,282553
과학관의설립ㆍ운영및육성에관한법률,시행규칙,270895
과학관의설립ㆍ운영및육성에관한법률,시행령,244181
과학관의설립ㆍ운영및육성에관한법률,법률,265829
중소기업제품구매촉진및판로지원에관한법률,시행규칙,253373
중소기업제품구매촉진및판로지원에관한법률,시행령,281341
중소기업제품구매촉진및판로지원에관한법률,법률,284097
인감증명법,시행령,266801
인감증명법,법률,188047
마약류보상금지급규칙,법무부령,269401
한국원자력발전공사법,법률,2
직무분석규정,대통령령,281719
국가자원안보특별법,시행규칙,278703
국가자원안보특별법,시행령,281107
국가자원안보특별법,법률,284295
사법보좌관제도발전추진단설치및운영에관한규칙,대법원규칙,267139
원자력안전법,시행규칙,282129
원자력안전법,시행령,280515
원자력안전법,법률,283347
배타적경제수역에서의외국인어업등에대한주권적권리의행사에관한법률,시행규칙,249149
배타적경제수역에서의외국인어업등에대한주권적권리의행사에관한법률,시행령,271175
배타적경제수역에서의외국인어업등에대한주권적권리의행사에관한법률,법률,223575
청소년복지지원법,시행규칙,278855
청소년복지지원법,시행령,279839
청소년복지지원법,법률,281965
지역보건법,시행규칙,272553
지역보건법,시행령,263585
지역보건법,법률,265415
행정안전부및그소속청소관비영리법인의설립및감독에관한규칙,행정안전부령,196200
헌법재판소별정직공무원규칙,헌법재판소규칙,160017
검찰보고사무규칙,법무부령,240201
재해구호법,시행규칙,264095
재해구호법,시행령,282995
재해구호법,법률,259439
지방자치단체의개방형직위및공모직위의운영등에관한규정,대통령령,281831
건전가정의례준칙,대통령령,227139
사회적참사의진상규명및안전사회건설등을위한특별법,시행령,232081
사회적참사의진상규명및안전사회건설등을위한특별법,법률,284127
청원법의시행에관한중앙선거관리위원회규칙,선거관리위원회규칙,238165
2028울산국제정원박람회지원및사후활용에관한특별법,법률,283677
금융지주회사법,시행령,278145
금융지주회사법,법률,254783
지뢰의제거등지뢰대응활동에관한법률,시행규칙,269387
지뢰의제거등지뢰대응활동에관한법률,시행령,281499
지뢰의제거등지뢰대응활동에관한법률,법률,260445
해상풍력보급촉진및산업육성에관한특별법,시행규칙,285041
해상풍력보급촉진및산업육성에관한특별법,시행령,284589
해상풍력보급촉진및산업육성에관한특별법,법률,284323
국유재산에매장된물건의발굴에관한규정,대통령령,280821
농어촌등보건의료를위한특별조치법,시행규칙,270019
농어촌등보건의료를위한특별조치법,시행령,246277
농어촌등보건의료를위한특별조치법,법률,265327
녹색제품구매촉진에관한법률,시행규칙,278887
녹색제품구매촉진에관한법률,시행령,278513
녹색제품구매촉진에관한법률,법률,276711
시설물의안전및유지관리에관한특별법,시행규칙,282381
시설물의안전및유지관리에관한특별법,시행령,284791
시설물의안전및유지관리에관한특별법,법률,283765
건축물착공통계조사시행규칙,건설부령,235019
선거연수원운영규칙,중앙선거관리위원회규칙,235935
선거관리위원회공무원평정규칙,중앙선거관리위원회규칙,269381
해양수산과학기술육성법,시행규칙,265499
해양수산과학기술육성법,시행령,265243
해양수산과학기술육성법,법률,268821
충청북도진천군과음성군의관할구역변경에관한규정,대통령령,158202
관세법,시행규칙,284979
관세법,시행령,285897
관세법,법률,280363
국회상임위원회위원정수에관한규칙,국회규칙,279333
법관의국제기구파견등에관한규칙,대법원규칙,88995
지식재산처소관비영리법인의설립및감독에관한규칙,총리령,285567
지방자치단체선거관리경비규칙,중앙선거관리위원회규칙,280251
가맹사업진흥에관한법률,시행령,278287
가맹사업진흥에관한법률,법률,276455
한국농어촌공사및농지관리기금법,시행규칙,253289
한국농어촌공사및농지관리기금법,시행령,281573
한국농어촌공사및농지관리기금법,법률,276453
군인재해보상법,시행규칙,268679
군인재해보상법,시행령,272697
군인재해보상법,법률,268039
각병과사병의군사경찰직무보조에관한규정,대통령령,214023
한국국제교류재단법,시행령,280971
한국국제교류재단법,법률,268531
고등교육기관의평가ㆍ인증등에관한규정,대통령령,255185
대한민국재향교정동우회법,법률,142443
연호에관한법률,법률,149585
즉결심판절차에서의불출석심판청구등에관한규칙,대법원규칙,152805
한국임업전문학교및한국수산전문학교설치령,대통령령,187778
상속세및증여세법,시행규칙,284609
상속세및증여세법,시행령,283637
상속세및증여세법,법률,280353
해병대사령부직제,대통령령,262611
평가인정학습과정운영에관한규정,대통령령,269767
국회입법조사처직제,국회규칙,232113
농약관리법,시행규칙,285109
농약관리법,시행령,277849
농약관리법,법률,276417
국가유공자등의명패관리에관한규칙,총리령,251451
국가공무원복무규칙,총리령,282541
국립농업박물관법,시행령,237665
국립농업박물관법,법률,232867
군예식령,대통령령,285411
여신전문금융업법,시행규칙,220677
여신전문금융업법,시행령,285799
여신전문금융업법,법률,277267
어린이제품안전특별법,시행규칙,278753
어린이제품안전특별법,시행령,278389
어린이제품안전특별법,법률,280051
전원위원회운영에관한규칙,국회규칙,75491
석유및석유대체연료사업법,시행규칙,285015
석유및석유대체연료사업법,시행령,284509
석유및석유대체연료사업법,법률,283933
산업단지인ㆍ허가절차간소화를위한특례법,시행령,264497
산업단지인ㆍ허가절차간소화를위한특례법,법률,276999
인천국제공항공사법시행령,대통령령,268401
노사관계발전지원에관한법률,시행령,281621
노사관계발전지원에관한법률,법률,180465
화학물질관리법,시행규칙,279031
화학물질관리법,시행령,280507
화학물질관리법,법률,276815
원호재산특별처리법시행령,각령,23517
특별정려금지급에관한규칙,중앙선거관리위원회규칙,283051
공공감사에관한법률,시행령,261519
공공감사에관한법률,법률,277311
근로복지기본법,시행규칙,278671
근로복지기본법,시행령,284691
근로복지기본법,법률,243061
전원개발촉진법,시행규칙,278997
전원개발촉진법,시행령,281211
전원개발촉진법,법률,276597
법률지원단의구성및운영에관한규칙,교육부령,210844
한국해운조합법,시행규칙,187989
한국해운조합법,시행령,187608
한국해운조합법,법률,265373
선거관리위원회보안업무규칙,중앙선거관리위원회규칙,270915
남북교류협력에관한법률,시행규칙,279387
남북교류협력에관한법률,시행령,283463
남북교류협력에관한법률,법률,276269
범죄피해자보호법,시행규칙,284495
범죄피해자보호법,시행령,283967
범죄피해자보호법,법률,265339
변호사법,시행령,268373
변호사법,법률,283363
변호사법,군정법령,62704
세계유산의보존ㆍ관리및활용에관한특별법,시행령,285299
세계유산의보존ㆍ관리및활용에관한특별법,법률,260489
통상협정대책위원회규정,대통령령,281143
군인연금법,시행규칙,262181
군인연금법,시행령,263869
군인연금법,법률,276305
보건범죄단속에관한특별조치법시행규칙,보건사회부령,233817
법률제16908호검찰청법일부개정법률및법률제16924호형사소송법일부개정법률의시행일에관한규정,대통령령,222287
공공재정부정청구금지및부정이익환수등에관한법률,시행령,265453
공공재정부정청구금지및부정이익환수등에관한법률,법률,261479
국회의원수당등에관한규칙,국회규칙,252577
사법서비스진흥기금관리및운용에관한규칙,대법원규칙,178500
성매매알선등행위의처벌에관한법률,시행규칙,264529
성매매알선등행위의처벌에관한법률,시행령,207953
성매매알선등행위의처벌에관한법률,법률,257487
재한외국인처우기본법,시행령,280991
재한외국인처우기본법,법률,268701
국립국악ㆍ전통예술학교설치령,대통령령,262369
영상진흥기본법,시행령,277827
영상진흥기본법,법률,81895
군사법원법,법률,283147
지역농산물이용촉진등농산물직거래활성화에관한법률,시행규칙,228733
지역농산물이용촉진등농산물직거래활성화에관한법률,시행령,280605
지역농산물이용촉진등농산물직거래활성화에관한법률,법률,276451
국회기부심사위원회의구성및운영등에관한규칙,국회규칙,280705
국회의원청가및결석에관한규칙,국회규칙,35778
사법행정의예고에관한규칙,대법원규칙,230577
병상수급계획의수립및조정에관한규칙,보건복지가족부령,103537
전통무예진흥법,시행령,262545
전통무예진흥법,법률,279673
예술인의지위와권리의보장에관한법률,시행규칙,244741
예술인의지위와권리의보장에관한법률,시행령,262543
예술인의지위와권리의보장에관한법률,법률,235567
국민통합위원회의설치및운영에관한규정,대통령령,281029
해양수산부직원복제규칙,해양수산부령,233663
4ㆍ16세월호참사피해구제및지원등을위한특별법,시행령,267301
4ㆍ16세월호참사피해구제및지원등을위한특별법,법률,284115
학교폭력예방및대책에관한법률,시행령,280967
학교폭력예방및대책에관한법률,법률,279621
소청절차규정,각령,280305
공간정보의구축및관리등에관한법률,시행규칙,282377
공간정보의구축및관리등에관한법률,시행령,284677
원격영상재판에관한규칙,대법원규칙,36423
국제과학기술협력규정,대통령령,225193
국민의형사재판참여에관한법률,법률,195047
특정물품등의조달에관한국가를당사자로하는계약에관한법률시행령특례규정,대통령령,280907
특별검사후보추천위원회의구성및운영등에관한규칙,국회규칙,266943
가족관계의등록등에관한법률,법률,257203
발명교육의활성화및지원에관한법률,시행령,281351
발명교육의활성화및지원에관한법률,법률,277195
국가공무원법제3조제3항의공무원의범위에관한규정,대통령령,52789
지방자치단체기금관리기본법,시행령,281537
지방자치단체기금관리기본법,법률,285437
직무대리규정,각령,246975
집행관수수료규칙,대법원규칙,273573
일본ㆍ중국및핀란드산도공(Coated)인쇄용지에대한덤핑방지관세부과에관한규칙,기획재정부령(기획재정부령),261255
일본ㆍ중국및핀란드산도공(Coated)인쇄용지에대한덤핑방지관세부과에관한규칙,기획재정부령,239055
군무원인사법,시행규칙,283559
군무원인사법,시행령,283997
군무원인사법,법률,283685
해외긴급구호에관한법률,시행령,281463
해외긴급구호에관한법률,법률,258031
방위산업에관한계약사무처리규칙,국방부령,282583
국방시설본부령,대통령령,264661
경찰관직무집행법,시행령,270937
경찰관직무집행법,법률,282479
공증인법,시행령,252063
공증인법,법률,199495
대법원에서의변론에관한규칙,대법원규칙,208327
대한민국학술원및대한민국예술원의회원수당지급규정,대통령령,265111
광주군공항이전및종전부지개발등에관한특별법,시행령,280999
광주군공항이전및종전부지개발등에관한특별법,법률,284123
광업법,시행규칙,278699
광업법,조선총독부법령,65180
광업법,시행령,278305
광업법,법률,283921
여성의경제활동실태조사등에관한규칙,여성가족부령,278845
해군본부직제,대통령령,259423
소득세법,시행규칙,284987
소득세법,시행령,285631
소득세법,법률,285523
국민여가활성화기본법,시행규칙,176519
국민여가활성화기본법,시행령,176090
국민여가활성화기본법,법률,239563
소규모공공시설안전관리등에관한법률,시행규칙,196210
소규모공공시설안전관리등에관한법률,시행령,222685
소규모공공시설안전관리등에관한법률,법률,254811
헌법재판소심판정설치에관한규칙,헌법재판소규칙,210000
선거범죄신고포상금지급에관한규칙,법무부령,231891
마리나항만의조성및관리등에관한법률,시행규칙,270505
마리나항만의조성및관리등에관한법률,시행령,284739
마리나항만의조성및관리등에관한법률,법률,257873
사행산업통합감독위원회사무처직제,대통령령,281525
귀농어ㆍ귀촌활성화및지원에관한법률,시행규칙,210397
귀농어ㆍ귀촌활성화및지원에관한법률,시행령,255015
귀농어ㆍ귀촌활성화및지원에관한법률,법률,276409
수산부산물재활용촉진에관한법률,시행규칙,272685
수산부산물재활용촉진에관한법률,시행령,273069
수산부산물재활용촉진에관한법률,법률,277067
대안교육기관에관한법률,시행령,272821
대안교육기관에관한법률,법률,268517
특정범죄가중처벌등에관한법률,시행령,235005
특정범죄가중처벌등에관한법률,법률,270595
건설기계관리법,시행규칙,285023
건설기계관리법,시행령,284659
건설기계관리법,법률,283763
동산문화유산보존처리에관한규정,시행규칙,262743
동산문화유산보존처리에관한규정,대통령령,262481
소비자단체소송규칙,대법원규칙,81425
중국ㆍ베트남산이음매없는동관에대한덤핑방지관세부과에관한규칙,기획재정부령,282685
잡지등정기간행물의진흥에관한법률,시행령,284835
잡지등정기간행물의진흥에관한법률,법률,276401
에너지이용합리화법,시행규칙,278965
에너지이용합리화법,시행령,278397
에너지이용합리화법,법률,280035
법원행정처행정심판규칙,대법원규칙,209848
학교시설사업촉진법,시행규칙,210529
학교시설사업촉진법,시행령,245607
학교시설사업촉진법,법률,279619
국군의무사령부령,대통령령,197235
선거관리위원회보안관리대설치및운영에관한규칙,중앙선거관리위원회규칙,283329
공군교육사령부령,대통령령,205312
기술보증기금법,시행규칙,233459
기술보증기금법,시행령,268355
기술보증기금법,법률,277111
지방세법,시행규칙,282705
지방세법,시행령,285583
지방세법,법률,282559
지방자치단체보조금관리에관한법률,시행규칙,256949
지방자치단체보조금관리에관한법률,시행령,255155
지방자치단체보조금관리에관한법률,법률,249861
계산증명규칙,감사원규칙,229741
제품안전기본법,시행령,278439
제품안전기본법,법률,280055
선박평형수(船舶平衡水)관리법,시행규칙,263481
선박평형수(船舶平衡水)관리법,시행령,280579
선박평형수(船舶平衡水)관리법,법률,281967
전통주등의산업진흥에관한법률,시행규칙,235981
전통주등의산업진흥에관한법률,시행령,229477
전통주등의산업진흥에관한법률,법률,253397
중견기업성장촉진및경쟁력강화에관한특별법,시행령,281137
중견기업성장촉진및경쟁력강화에관한특별법,법률,276603
연구직및지도직공무원의임용등에관한규정,대통령령,272715
가축전염병예방법,시행규칙,285745
가축전염병예방법,시행령,285559
가축전염병예방법,법률,285137
지방교육행정기관의행정기구와정원기준등에관한규정,시행규칙,202621
지방교육행정기관의행정기구와정원기준등에관한규정,대통령령,285769
도심융합특구조성및육성에관한특별법,시행규칙,262107
도심융합특구조성및육성에관한특별법,시행령,270093
도심융합특구조성및육성에관한특별법,법률,284073
장기요양기관재무ㆍ회계규칙,보건복지부령,235847
선박안전법,시행규칙,282097
선박안전법,시행령,266313
선박안전법,법률,246611
소방력기준에관한규칙,행정자치부령,283245
법원사무관리규칙,대법원규칙,267867
신문등의진흥에관한법률,시행령,284795
신문등의진흥에관한법률,법률,277349
소년원및소년분류심사원급여규칙,법무부령,240281
대학도서관진흥법,시행령,269667
대학도서관진흥법,법률,237375
정부법무공단법,시행령,280993
정부법무공단법,법률,276289
식품의약품안전처및그소속기관시험ㆍ검사의뢰규칙,총리령,221477
사법정책연구원운영규칙,대법원규칙,149240
국가공무원총정원령,대통령령,236803
한국지방재정공제회법,법률,204784
우편환법,시행규칙,269523
우편환법,법률,212091
이북5도및미수복시ㆍ군의명예시장ㆍ군수등위촉에관한규정,대통령령,263011
수도권정비계획법,시행령,277967
수도권정비계획법,법률,251623
군검찰압수물사무규칙,국방부령,247819
금융산업의구조개선에관한법률,시행령,233423
금융산업의구조개선에관한법률,법률,277245
외국인보호규칙,법무부령,245861
진폐의예방과진폐근로자의보호등에관한법률,시행규칙,252309
진폐의예방과진폐근로자의보호등에관한법률,시행령,277419
진폐의예방과진폐근로자의보호등에관한법률,법률,253647
식물신품종보호법,시행규칙,194802
식물신품종보호법,시행령,277859
식물신품종보호법,법률,276445
민사소송등인지규칙,대법원규칙,254623
헌법재판소공무원직장협의회설립ㆍ운영에관한규칙,헌법재판소규칙,228435
헌법재판소모범공무원규칙,헌법재판소규칙,160016
국정감사및조사에관한법률,법률,252535
전기산업발전기본법,시행령,281209
전기산업발전기본법,법률,284409
일제강점하반민족행위진상규명에관한특별법,시행령,249771
일제강점하반민족행위진상규명에관한특별법,법률,129307
공익신고자보호법,시행령,264451
공익신고자보호법,법률,285211
국민경제자문회의법,법률,276081
자본시장과금융투자업에관한법률,시행규칙,271489
자본시장과금융투자업에관한법률,시행령,285717
자본시장과금융투자업에관한법률,법률,285183
대학교원기간임용제탈락자구제를위한특별법,시행령,177894
대학교원기간임용제탈락자구제를위한특별법,법률,208425
중소기업사업전환촉진에관한특별법,시행령,281339
중소기업사업전환촉진에관한특별법,법률,277125
인천광역시중구와미추홀구의관할구역변경에관한규정,대통령령,248111
과학기술인공제회퇴직연금급여사업등운영규칙,교육과학기술부령,196118
학술원사무국에두는공무원의정원중고위공무원단직위의직무등급의표시등에관한규칙,교육인적자원부령,91010
검사선서에관한규정,대통령령,91924
정당에대한보조금의지급중단및감액에관한규정,대통령령,52970
지방행정제재ㆍ부과금의징수등에관한법률,시행규칙,283337
지방행정제재ㆍ부과금의징수등에관한법률,시행령,283261
지방행정제재ㆍ부과금의징수등에관한법률,법률,283249
김건희와명태균ㆍ건진법사관련국정농단및불법선거개입사건등진상규명을위한특별검사임명등에관한법률,법률,273923
채권의공정한추심에관한법률,시행령,164242
채권의공정한추심에관한법률,법률,268669
공정거래위원회소관비영리법인의설립및감독에관한규칙,총리령,121124
중국ㆍ인도네시아및태국산폴리프로필렌연신필름에대한덤핑방지관세부과에관한규칙,기획재정부령(기획재정부령),270953
중국ㆍ인도네시아및태국산폴리프로필렌연신필름에대한덤핑방지관세부과에관한규칙,기획재정부령,148222
대ㆍ중소기업상생협력촉진에관한법률,시행규칙,279067
대ㆍ중소기업상생협력촉진에관한법률,시행령,280557
대ㆍ중소기업상생협력촉진에관한법률,법률,284057
저수지ㆍ댐의안전관리및재해예방에관한법률,시행규칙,235337
저수지ㆍ댐의안전관리및재해예방에관한법률,시행령,269557
저수지ㆍ댐의안전관리및재해예방에관한법률,법률,276329
여성폭력방지기본법,시행령,281635
여성폭력방지기본법,법률,281961
자산유동화에관한법률,시행령,257131
자산유동화에관한법률,법률,252411
공문서에대한아포스티유및본부영사확인서발급에관한규정,시행규칙,273415
공문서에대한아포스티유및본부영사확인서발급에관한규정,대통령령,249557
국경일에관한법률,법률,165523
한국관광공사법,시행령,268431
한국관광공사법,법률,253609
헌법재판소공무원규칙,헌법재판소규칙,285465
첨단재생의료안전및지원에관한규칙,보건복지부령,269367
공예문화산업진흥법,시행규칙,176518
공예문화산업진흥법,시행령,240477
공예문화산업진흥법,법률,171102
소규모주택정비등기규칙,대법원규칙,211781
물관리기본법,시행규칙,278907
물관리기본법,시행령,278535
물관리기본법,법률,276731
고용보험및산업재해보상보험의보험료징수등에관한법률,시행규칙,282563
고용보험및산업재해보상보험의보험료징수등에관한법률,시행령,280527
고용보험및산업재해보상보험의보험료징수등에관한법률,법률,284441
이자제한법,법률(법률),268667
이자제한법,법률,4278
헌법재판소법제19조제4항제5호의연구기관의범위에관한규칙,헌법재판소규칙,159990
국회예산정책처장ㆍ국회입법조사처장ㆍ국회기록원장추천위원회구성등에관한규칙,국회규칙,280693
정부기관및공공법인등의광고시행에관한법률,시행규칙,205773
정부기관및공공법인등의광고시행에관한법률,시행령,236703
정부기관및공공법인등의광고시행에관한법률,법률,232185
국가공간정보기본법,시행령,282927
국가공간정보기본법,법률,280073
농업ㆍ농촌및식품산업기본법,시행규칙,283041
농업ㆍ농촌및식품산업기본법,시행령,282797
농업ㆍ농촌및식품산업기본법,법률,281879
감사원전문인력및전문직위의운영등에관한규칙,감사원규칙,209963
서예진흥에관한법률,시행규칙,208882
서예진흥에관한법률,시행령,270103
서예진흥에관한법률,법률,205601
통합방위법,시행령,277687
통합방위법,법률,276315
첨단의료복합단지육성에관한특별법,시행규칙,262601
첨단의료복합단지육성에관한특별법,시행령,281173
첨단의료복합단지육성에관한특별법,법률,276687
수산종자산업육성법,시행규칙,272839
수산종자산업육성법,시행령,280589
수산종자산업육성법,법률,259239
기술대학설립ㆍ운영규정시행규칙,교육부령,137529
지방대학및지역균형인재육성에관한법률,시행령,280965
지방대학및지역균형인재육성에관한법률,법률,283299
영산강ㆍ섬진강수계관리위원회규정,대통령령,267253
댐주변지역친환경보전및활용에관한특별법,시행규칙,278897
댐주변지역친환경보전및활용에관한특별법,시행령,278519
댐주변지역친환경보전및활용에관한특별법,법률,276717
법인및재외국민의부동산등기용등록번호부여에관한규칙,대법원규칙,279347
휴직법관에대한보수지급에관한규칙,대법원규칙,132607
전자투표및개표에관한규칙,중앙선거관리위원회규칙,266871
지방자치단체업무추진비집행에관한규칙,행정안전부령,248581
아시아ㆍ태평양무역협정원산지확인기준등에관한규칙,기획재정부령,282659
광산피해의방지및복구에관한법률,시행규칙,278697
광산피해의방지및복구에관한법률,시행령,281577
광산피해의방지및복구에관한법률,법률,276467
기초연구진흥및기술개발지원에관한법률,시행규칙,283225
기초연구진흥및기술개발지원에관한법률,시행령,282943
기초연구진흥및기술개발지원에관한법률,법률,268777
여수ㆍ순천10ㆍ19사건진상규명및희생자명예회복에관한특별법에의한가족관계등록사무처리규칙,대법원규칙,239179
소상공인생계형적합업종지정에관한특별법,시행령,272571
소상공인생계형적합업종지정에관한특별법,법률,280161
한국4에이치활동지원법,법률,285207
소송촉진등에관한특례규칙,대법원규칙,285231
양육비이행확보및지원에관한법률,시행규칙,278839
양육비이행확보및지원에관한법률,시행령,281633
양육비이행확보및지원에관한법률,법률,285711
헤이그국제아동탈취협약이행에관한법률,시행규칙,132928
헤이그국제아동탈취협약이행에관한법률,법률,130656
군인복지기본법,시행령,281485
군인복지기본법,법률,268081
행정안전부장관의소속청장지휘에관한규칙,행정안전부령,282731
시ㆍ도경제협의회규정,대통령령,280873
국립대학병원설치법,시행령,244123
국립대학병원설치법,법률,283359
항만법,시행규칙,270537
항만법,시행령,281697
항만법,법률,283707
중앙행정기관ㆍ지방자치단체정책협의회운영규정,대통령령,195636
식품의약품안전처소관비영리법인의설립및감독에관한규칙,총리령,173803
지속가능교통물류발전법,시행규칙,265761
지속가능교통물류발전법,시행령,277981
지속가능교통물류발전법,법률,237425
6ㆍ25전쟁무공훈장수여등에관한법률,시행령,210003
6ㆍ25전쟁무공훈장수여등에관한법률,법률,238801
어선원및어선재해보상보험법,시행규칙,264369
어선원및어선재해보상보험법,시행령,273825
어선원및어선재해보상보험법,법률,283875
단기복무부사관장려수당지급규정,대통령령,244649
산업현장일학습병행지원에관한법률,시행규칙,221271
산업현장일학습병행지원에관한법률,시행령,282967
산업현장일학습병행지원에관한법률,법률,234773
고령친화산업진흥법,시행령,284673
고령친화산업진흥법,법률,276649
합동군사대학교령,대통령령,273565
지방자치단체예산편성운용에관한규칙,행정자치부령,196192
개방형직위및공모직위의운영등에관한규정,대통령령,267775
독도등도서지역의생태계보전에관한특별법,시행규칙,278899
독도등도서지역의생태계보전에관한특별법,시행령,278527
독도등도서지역의생태계보전에관한특별법,법률,276723
외국법자문사법,시행규칙,184394
외국법자문사법,시행령,268397
외국법자문사법,법률,199499
공중방역수의사에관한법률,시행규칙,235953
공중방역수의사에관한법률,시행령,269339
공중방역수의사에관한법률,법률,214129
위험물안전관리법,시행규칙,267937
위험물안전관리법,시행령,273077
위험물안전관리법,법률,260549
해양경찰청소속경찰공무원교육훈련규정,대통령령,267017
빛의위원회의설치및운영에관한규정,대통령령,284501
중장기전략위원회규정,대통령령,281417
선박교통관제에관한법률,시행규칙,271551
선박교통관제에관한법률,시행령,271413
선박교통관제에관한법률,법률,267401
주민투표관리규칙,중앙선거관리위원회규칙,272435
장기등이식에관한법률,시행규칙,272815
장기등이식에관한법률,시행령,271159
장기등이식에관한법률,법률,260589
체외진단의료기기법,시행규칙,282567
체외진단의료기기법,시행령,256725
체외진단의료기기법,법률,270321
재정경제부소관비상대비에관한법률,시행규칙,282631
공기업ㆍ준정부기관회계사무규칙,기획재정부령,282599
형사소송비용등에관한법률,법률,122990
수입식품안전관리특별법,시행규칙,272975
수입식품안전관리특별법,시행령,280513
수입식품안전관리특별법,법률,282009
임기제부사관제운영규정,대통령령,233203
대규모유통업에서의거래공정화에관한법률,시행령,260093
대규모유통업에서의거래공정화에관한법률,법률,268287
대검찰청검사급이상검사의보직범위에관한규정,대통령령,196436
보호소년등의처우에관한법률,시행규칙,246359
보호소년등의처우에관한법률,시행령,243833
보호소년등의처우에관한법률,법률,280385
공사중단장기방치건축물의정비등에관한특별조치법,시행규칙,241457
공사중단장기방치건축물의정비등에관한특별조치법,시행령,281645
공사중단장기방치건축물의정비등에관한특별조치법,법률,230205
행정사법,시행규칙,279925
행정사법,시행령,279197
행정사법,법률,245299
개인정보보호위원회직제,시행규칙,285251
개인정보보호위원회직제,대통령령,284641
변상판정집행절차에관한규칙,감사원규칙,222727
한국부동산원법,시행령,281301
한국부동산원법,법률,277047
중소기업진흥에관한법률,시행규칙,265815
중소기업진흥에관한법률,시행령,281343
중소기업진흥에관한법률,법률,284099
해수욕장의이용및관리에관한법률,시행규칙,252227
해수욕장의이용및관리에관한법률,시행령,278029
해수욕장의이용및관리에관한법률,법률,285153
화재로인한재해보상과보험가입에관한법률,시행규칙,255007
화재로인한재해보상과보험가입에관한법률,시행령,254165
화재로인한재해보상과보험가입에관한법률,법률,248933
국제항해선박및항만시설의보안에관한법률,시행규칙,285039
국제항해선박및항만시설의보안에관한법률,시행령,266305
국제항해선박및항만시설의보안에관한법률,법률,259267
유선및도선사업법,시행규칙,282091
유선및도선사업법,시행령,284821
유선및도선사업법,법률,252939
특정금융거래정보의보고및이용등에관한법률,시행령,281385
특정금융거래정보의보고및이용등에관한법률,법률,283365
공무원특수지근무수당지급대상지역및기관과그등급별구분에관한규칙,행정안전부령,282295
기업도시개발특별법,시행규칙,284535
기업도시개발특별법,시행령,284699
기업도시개발특별법,법률,280115
의용소방대설치및운영에관한법률,시행규칙,245831
의용소방대설치및운영에관한법률,법률,273369
국토기본법,시행령,281259
국토기본법,법률,276955
밀산업육성법,시행규칙,239035
밀산업육성법,시행령,245567
밀산업육성법,법률,210268
정보통신산업진흥법,시행규칙,196155
정보통신산업진흥법,시행령,281429
정보통신산업진흥법,법률,280045
달빛철도건설을위한특별법,시행규칙,264953
달빛철도건설을위한특별법,시행령,281263
달빛철도건설을위한특별법,법률,284125
국립중앙극장대관규칙,문화체육관광부령,121643
국가보훈기본법,법률,260195
혼인신고특례법,법률,91380
국어기본법,시행규칙,270651
국어기본법,시행령,270625
국어기본법,법률,270587
수산물유통의관리및지원에관한법률,시행규칙,282779
수산물유통의관리및지원에관한법률,시행령,262091
수산물유통의관리및지원에관한법률,법률,255833
교정직공무원임용시험의체력검사에관한규칙,법무부령,176755
청원산림보호직원배치에관한법률,시행규칙,233735
청원산림보호직원배치에관한법률,시행령,209769
청원산림보호직원배치에관한법률,법률,136917
김치산업진흥법,시행규칙,210398
김치산업진흥법,시행령,277845
김치산업진흥법,법률,246627
여수세계박람회기념및사후활용에관한특별법,시행령,250557
여수세계박람회기념및사후활용에관한특별법,법률,250989
법무자문위원회운영규칙,법무부령,240013
지방의료원의설립및운영에관한법률,시행규칙,173522
지방의료원의설립및운영에관한법률,시행령,268419
지방의료원의설립및운영에관한법률,법률,230325
법원행정전자서명인증업무에관한규칙,대법원규칙,211317
공공토지의비축에관한법률,시행규칙,158586
공공토지의비축에관한법률,시행령,281249
공공토지의비축에관한법률,법률,276939
민사소송등인지법,법률,258671
한국식품안전관리인증원의설립및운영에관한법률,시행령,191222
한국식품안전관리인증원의설립및운영에관한법률,법률,270317
관광진흥법,시행규칙,282125
관광진흥법,시행령,273441
관광진흥법,법률,279659
항만지역등대기질개선에관한특별법,시행규칙,279413
항만지역등대기질개선에관한특별법,시행령,278027
항만지역등대기질개선에관한특별법,법률,277091
증권거래세법,법률(법률),239245
증권거래세법,시행규칙,284613
증권거래세법,시행령,282431
증권거래세법,법률,50264
국가인권위원회와그소속기관직제,대통령령,285457
지정재판부의구성과운영에관한규칙,헌법재판소규칙,209999
재외공무원복무규정,대통령령,265523
국민체육진흥법,시행규칙,282071
국민체육진흥법,시행령,281551
국민체육진흥법,법률,283695
생명윤리및안전에관한법률,시행규칙,271595
생명윤리및안전에관한법률,시행령,277879
생명윤리및안전에관한법률,법률,276665
경찰공무원임용령,시행규칙,284173
경찰공무원임용령,대통령령,284001
특정범죄신고자등보호법시행령,대통령령,225685
중소기업협동조합법,시행규칙,265251
중소기업협동조합법,시행령,281705
중소기업협동조합법,법률,280149
섬발전촉진법,시행령,281531
섬발전촉진법,법률,258727
국가정책조정회의규정,대통령령,279965
해양경비법,시행규칙,285571
해양경비법,시행령,281365
해양경비법,법률,270845
바둑진흥법,시행령,204849
바둑진흥법,법률,231391
재산형등에관한군검찰집행사무규칙,국방부령,250589
지방공무원적극행정운영규정,대통령령,281861
국가보훈부와그소속기관직제,시행규칙,285313
국가보훈부와그소속기관직제,대통령령,282491
민사소송등에서의전자문서이용등에관한법률,법률,253321
대체역의편입및복무등에관한법률,시행규칙,273873
대체역의편입및복무등에관한법률,시행령,273741
대체역의편입및복무등에관한법률,법률,285515
광산안전법,시행규칙,278695
광산안전법,시행령,278299
광산안전법,법률,276465
헌법재판소공무원평정규칙,헌법재판소규칙,285463
남극활동및환경보호에관한법률,시행규칙,279383
남극활동및환경보호에관한법률,시행령,277635
남극활동및환경보호에관한법률,법률,276263
국제민사사법공조규칙,대법원규칙,52366
공간정보참조체계부여ㆍ관리등에관한규칙,국토해양부령,137657
외국인투자촉진법,시행규칙,278759
외국인투자촉진법,시행령,284815
외국인투자촉진법,법률,276565
전략사령부령,대통령령,264603
감사연구원운영규칙,감사원규칙,209960
민사집행법,시행령,283025
민사집행법,법률,284419
산림복지진흥에관한법률,시행규칙,279519
산림복지진흥에관한법률,시행령,280575
산림복지진흥에관한법률,법률,277179
건축서비스산업진흥법,시행규칙,155446
건축서비스산업진흥법,시행령,270063
건축서비스산업진흥법,법률,276929
무역보험법,시행규칙,278713
무역보험법,시행령,281579
무역보험법,법률,276501
공무원징계령,시행규칙,282271
공무원징계령,대통령령,272555
연구학교에관한규칙,교육과학기술부령,265051
영어조합법인에관한규칙,해양수산부령,248075
대한민국과아메리카합중국간의상호방위조약제4조에의한시설과구역및대한민국에서의합중국군대의지위에관한협정의시행에따른국가및지방자치단체의재산의관리와처분에관한법률,법률,276307
부패방지및국민권익위원회의설치와운영에관한법률,시행령,283781
부패방지및국민권익위원회의설치와운영에관한법률,법률,268657
부패방지및국민권익위원회의설치와운영에관한법률의시행에관한대법원규칙,대법원규칙,265049
유통산업발전법,시행규칙,278763
유통산업발전법,시행령,280595
유통산업발전법,법률,283979
소방청과그소속기관직제,시행규칙,285121
소방청과그소속기관직제,대통령령,284929
국제형사사법공조규칙,대법원규칙,33523
거창사건등관련자의명예회복에관한특별조치법,시행령,227129
거창사건등관련자의명예회복에관한특별조치법,법률,149559
농어촌구조개선특별회계법,법률,276427
국가교육위원회직제,대통령령,281823
수산업협동조합법,시행규칙,252225
수산업협동조합법,시행령,284957
수산업협동조합법,법률,285167
수도방위사령부령,대통령령,197272
금융복합기업집단의감독에관한법률,시행령,278139
금융복합기업집단의감독에관한법률,법률,225139
국민투표관리규칙,중앙선거관리위원회규칙,284573
상법의전자선하증권규정의시행에관한규정,대통령령,280989
치료감호등에관한법률,시행규칙,262771
치료감호등에관한법률,시행령,230805
치료감호등에관한법률,법률,238757
군에서의형의집행및군수용자의처우에관한법률,시행규칙,214087
군에서의형의집행및군수용자의처우에관한법률,시행령,243615
군에서의형의집행및군수용자의처우에관한법률,법률,213837
고도보존및육성에관한특별법,시행규칙,269795
고도보존및육성에관한특별법,시행령,269089
고도보존및육성에관한특별법,법률,277169
농수산자조금의조성및운용에관한법률,시행규칙,203455
농수산자조금의조성및운용에관한법률,시행령,284705
농수산자조금의조성및운용에관한법률,법률,223591
법원청원규칙,대법원규칙,245685
교원지위향상을위한교섭ㆍ협의에관한규정,대통령령,209624
지방세징수법,시행규칙,283319
지방세징수법,시행령,283265
지방세징수법,법률,283259
재일교포북송저지특수임무수행자보상에관한법률,시행령,278089
재일교포북송저지특수임무수행자보상에관한법률,법률,254031
국가정보원직원법,시행령,279191
국가정보원직원법,법률,236273
국군재정관리단령,대통령령,238679
금강수계관리위원회규정,대통령령,267221
연안관리법,시행규칙,229531
연안관리법,시행령,281317
연안관리법,법률,277079
국군수송사령부령,대통령령,197234
한국전통문화대학교설치법,시행규칙,267075
한국전통문화대학교설치법,시행령,266835
한국전통문화대학교설치법,법률,260509
도시재정비촉진을위한특별법,시행규칙,256299
도시재정비촉진을위한특별법,시행령,284735
도시재정비촉진을위한특별법,법률,284067
학생군사교육단군간부후보생규칙,국방부령,219719
모범공무원수당규칙,대법원규칙,152808
농수산물유통및가격안정에관한법률,시행규칙,285067
농수산물유통및가격안정에관한법률,시행령,264281
농수산물유통및가격안정에관한법률,법률,283911
국방ㆍ군사시설사업에관한법률,시행규칙,182535
국방ㆍ군사시설사업에관한법률,시행령,265315
국방ㆍ군사시설사업에관한법률,법률,269947
재산관리관및물품관리관등의지정에관한규칙,대법원규칙,241033
법원공공데이터의제공및이용활성화에관한규칙,대법원규칙,278653
표준시에관한법률,법률,113175
원자력손해배상보상계약에관한법률,시행령,227729
원자력손해배상보상계약에관한법률,법률,218845
육군교육사령부령,대통령령,197276
중국산아이티온산나트륨(차아황산소다)에대한덤핑방지관세부과에관한규칙,기획재정부령,280335
해군항공사령부령,대통령령,243881
농어가목돈마련저축에관한법률,시행령,281749
농어가목돈마련저축에관한법률,법률,248925
국가보훈위원회규정,대통령령,281063
퇴직교원평생교육활동지원법,법률,136648
주한미군기지이전에따른평택시등의지원등에관한특별법,시행령,281497
주한미군기지이전에따른평택시등의지원등에관한특별법,법률,259063
수도법,시행규칙,285093
수도법,시행령,281605
수도법,법률,284311
기상관측표준화법,시행규칙,279337
기상관측표준화법,시행령,282305
기상관측표준화법,법률,277217
외국인의서명날인에관한법률,법률,105295
과학기술정보통신부와그소속기관직제,시행규칙,283477
과학기술정보통신부와그소속기관직제,대통령령,283511
교육공무원징계령,대통령령,280455
소방공무원기장령,대통령령,227601
전국법관대표회의규칙,대법원규칙,248009
재난안전산업진흥법,시행규칙,247553
재난안전산업진흥법,시행령,247207
재난안전산업진흥법,법률,238809
우체국예금ㆍ보험에관한법률,시행규칙,282221
우체국예금ㆍ보험에관한법률,시행령,266033
우체국예금ㆍ보험에관한법률,법률,265787
귀속재산소청심의회규정,총리령,39331
귀속재산소청심의회규정,각령,280831
민간인통제선이북지역의산지관리에관한특별법,시행규칙,269859
민간인통제선이북지역의산지관리에관한특별법,시행령,283125
민간인통제선이북지역의산지관리에관한특별법,법률,253441
어촌ㆍ어항법,시행규칙,269817
어촌ㆍ어항법,시행령,263005
어촌ㆍ어항법,법률,285483
드론활용의촉진및기반조성에관한법률,시행규칙,270453
드론활용의촉진및기반조성에관한법률,시행령,281661
드론활용의촉진및기반조성에관한법률,법률,280123
의료기사등에관한법률,시행규칙,266839
의료기사등에관한법률,시행령,246305
의료기사등에관한법률,법률,283897
국제환규칙,정보통신부령,196124
지방자치단체에대한행정감사규정,대통령령,237963
농ㆍ축산ㆍ임ㆍ어업용기자재및석유류에대한부가가치세영세율및면세적용등에관한특례규정,시행규칙,284991
농ㆍ축산ㆍ임ㆍ어업용기자재및석유류에대한부가가치세영세율및면세적용등에관한특례규정,대통령령,283643
금융중심지의조성과발전에관한법률,시행령,281379
금융중심지의조성과발전에관한법률,법률,124052
대한소방공제회법,법률,202889
국가유산기본법,시행령,262239
국가유산기본법,법률,260461
가정폭력방지및피해자보호등에관한법률,시행규칙,278819
가정폭력방지및피해자보호등에관한법률,시행령,285565
가정폭력방지및피해자보호등에관한법률,법률,276865
국립박물관소장유물대여규칙,문화관광부령,263259
농업생산기반시설및주변지역활용에관한특별법,시행규칙,204308
농업생산기반시설및주변지역활용에관한특별법,시행령,256559
농업생산기반시설및주변지역활용에관한특별법,법률,285187
산업디자인진흥법,시행규칙,278725
산업디자인진흥법,시행령,278359
산업디자인진흥법,법률,276523
헌법재판소법제5조제2항제6호의자문이나고문의역할을한사람의범위에관한규칙,헌법재판소규칙,220081
환경범죄등의단속및가중처벌에관한법률,시행령,278637
환경범죄등의단속및가중처벌에관한법률,법률,284333
계룡대근무지원단령,대통령령,223179
6ㆍ25전쟁전후적지역에서활동한비정규군공로자보상에관한법률,시행령,266349
6ㆍ25전쟁전후적지역에서활동한비정규군공로자보상에관한법률,법률,266675
경찰관의정보수집및처리등에관한규정,대통령령,230513
군단사령부령,대통령령,205319
전국법원장회의규칙,대법원규칙,229943
소액사건심판규칙,대법원규칙,187995
국가유산보호기금법,시행령,281735
국가유산보호기금법,법률,260477
유아교육정보시스템및교육정보시스템의운영등에관한규칙,교육과학기술부령,279177
여권법,시행규칙,278655
여권법,시행령,283271
여권법,법률,283681
국방부군비통제검증단령,대통령령,207843
국민사법참여위원회규칙,대법원규칙,125729
방조제관리법,시행규칙,263797
방조제관리법,시행령,255187
방조제관리법,법률,218153
인구동향조사규칙,기획재정부령,283475
스포츠산업진흥법,시행규칙,211409
스포츠산업진흥법,시행령,270113
스포츠산업진흥법,법률,255783
군법무관임용등에관한법률,법률,121956
정부유가증권취급규칙,기획재정부령,282673
하수도법,시행규칙,285059
하수도법,시행령,284903
하수도법,법률,276803
마약류범죄등의몰수보전등에관한규칙,대법원규칙,228991
대한민국예술원법,법률,253553
소방공무원임용령,시행규칙,282545
소방공무원임용령,대통령령,281833
전문경력관규정,대통령령,272709
동북아역사재단설립ㆍ운영에관한법률,시행령,281441
동북아역사재단설립ㆍ운영에관한법률,법률,230371
방위사업법,시행규칙,280723
방위사업법,시행령,283509
방위사업법,법률,283939
입목등기규칙,대법원규칙,266897
희귀질환관리법,시행규칙,266101
희귀질환관리법,시행령,281183
희귀질환관리법,법률,266647
중국산스테인리스강후판에대한덤핑방지관세부과에관한규칙,기획재정부령,273633
양자과학기술및양자산업육성에관한법률,시행규칙,266159
양자과학기술및양자산업육성에관한법률,시행령,280941
양자과학기술및양자산업육성에관한법률,법률,258511
석면피해구제법,시행규칙,278933
석면피해구제법,시행령,281195
석면피해구제법,법률,284445
석탄산업법,시행규칙,278743
석탄산업법,시행령,284777
석탄산업법,법률,276537
군인유족기장령,대통령령,82861
국가보훈부소관비영리법인의설립및감독에관한규칙,국가보훈부령,251491
보훈관련단체의재무ㆍ회계에관한규칙,총리령,251501
체신관서의국채ㆍ공채매도등에관한규칙,미래창조과학부령,239227
소방시설공사업법,시행규칙,282735
소방시설공사업법,시행령,284779
소방시설공사업법,법률,259473
독립유공자예우에관한법률에의한가족관계등록사무처리규칙,대법원규칙,91766
교육공무원인사위원회규정,대통령령,140704
법원공무원교육원규칙,대법원규칙,166313
지방자치단체의교육경비보조에관한규정,대통령령,256359
소재ㆍ부품ㆍ장비산업경쟁력강화및공급망안정화를위한특별조치법,시행규칙,278745
소재ㆍ부품ㆍ장비산업경쟁력강화및공급망안정화를위한특별조치법,시행령,282977
소재ㆍ부품ㆍ장비산업경쟁력강화및공급망안정화를위한특별조치법,법률,276539
해양산업클러스터의지정및육성등에관한특별법,시행규칙,187988
해양산업클러스터의지정및육성등에관한특별법,시행령,262349
해양산업클러스터의지정및육성등에관한특별법,법률,251003
은행법,시행령,284823
은행법,법률,282001
방송통신위원회의설치및운영에관한법률,시행령,203531
방송통신위원회의설치및운영에관한법률,법률,277305
한국국토정보공사법,시행령,268983
한국국토정보공사법,법률,277043
각급법원의설치와관할구역에관한법률,법률,284429
군표창규칙,국방부령,249403
하천의구조ㆍ시설기준에관한규칙,국토교통부령,279025
증권관련집단소송규칙,대법원규칙,65792
세수추계위원회의설치및운영에관한규정,대통령령,283485
교통약자의이동편의증진법,시행규칙,283221
교통약자의이동편의증진법,시행령,282895
교통약자의이동편의증진법,법률,268757
무역거래기반조성에관한법률,시행령,278335
무역거래기반조성에관한법률,법률,276499
환경영향평가법,시행규칙,279277
환경영향평가법,시행령,279237
환경영향평가법,법률,276833
고용보험법,시행규칙,282391
고용보험법,시행령,281219
고용보험법,법률,284449
경찰공제회법,법률,260237
육군본부직제,대통령령,259421
금융위원회와그소속기관직제,시행규칙,285253
금융위원회와그소속기관직제,대통령령,285213
통일ㆍ북한연구비지급규정,대통령령,279321
인공조명에의한빛공해방지법,시행규칙,278975
인공조명에의한빛공해방지법,시행령,281611
인공조명에의한빛공해방지법,법률,276779
산림조합의구조개선에관한법률,시행규칙,228367
산림조합의구조개선에관한법률,시행령,272993
산림조합의구조개선에관한법률,법률,277183
치유농업연구개발및육성에관한법률,시행규칙,266449
치유농업연구개발및육성에관한법률,시행령,263339
치유농업연구개발및육성에관한법률,법률,283761
기후에너지환경부장관의소속청장에대한지휘에관한규칙,기후에너지환경부령,279049
출입국관리공무원복제규칙,법무부령,232775
군인의지위및복무에관한기본법,시행규칙,282203
군인의지위및복무에관한기본법,시행령,280463
군인의지위및복무에관한기본법,법률,268083
식물방역법,시행규칙,285619
식물방역법,시행령,273591
식물방역법,법률,269907
한국수출입은행법,시행령,280911
한국수출입은행법,법률,283351
행정심판법,시행규칙,273915
행정심판법,시행령,278135
행정심판법,법률,249041
아시아문화중심도시추진단의구성및운영에관한규정,대통령령,234947
폐기물처리시설설치촉진및주변지역지원등에관한법률,시행규칙,279017
폐기물처리시설설치촉진및주변지역지원등에관한법률,시행령,284901
폐기물처리시설설치촉진및주변지역지원등에관한법률,법률,276801
방송미디어통신위원회와그소속기관직제,대통령령,282513
해양수산발전기본법,시행령,281325
해양수산발전기본법,법률,277095
농어업경영체육성및지원에관한법률,시행규칙,273905
농어업경영체육성및지원에관한법률,시행령,260013
농어업경영체육성및지원에관한법률,법률,276419
통일부와그소속기관직제,시행규칙,285243
통일부와그소속기관직제,대통령령,282495
검찰총장후보추천위원회운영규정,대통령령,129203
환경개선비용부담법,시행규칙,282063
환경개선비용부담법,시행령,278631
환경개선비용부담법,법률,276819
교육시설등의안전및유지관리등에관한법률,시행규칙,269059
교육시설등의안전및유지관리등에관한법률,시행령,281439
교육시설등의안전및유지관리등에관한법률,법률,259603
인공지능발전과신뢰기반조성등에관한기본법,시행령,282879
인공지능발전과신뢰기반조성등에관한기본법,법률,282791
향교재산법,시행령,85120
향교재산법,법률,253509
지방자치단체에두는소방공무원및경찰공무원의정원에관한규정,시행규칙,283141
지방자치단체에두는소방공무원및경찰공무원의정원에관한규정,대통령령,283181
판사회의의설치및운영에관한규칙,대법원규칙,228975
국가채권관리법,시행규칙,282611
국가채권관리법,시행령,280809
국가채권관리법,법률,276075
환경보건법,시행규칙,279043
환경보건법,시행령,281619
환경보건법,법률,281915
국제교류추진단설치및운영에관한규칙,대법원규칙,269095
난민법,시행규칙,266929
난민법,시행령,273705
난민법,법률,188376
해양경찰수사규칙,해양수산부령,279403
민사소송규칙,대법원규칙,283113
포획심판령,대통령긴급명령,4323
양형위원회규칙,대법원규칙,147611
무형유산의보전및진흥에관한법률,시행규칙,275245
무형유산의보전및진흥에관한법률,시행령,273839
무형유산의보전및진흥에관한법률,법률,270159
해외자원개발촉진법,법률,276637
5ㆍ18민주화운동등에관한특별법,법률,235549
세종특별자치시지원위원회등의설치ㆍ운영에관한규정,대통령령,281031
군검찰사건사무규칙,국방부령,243901
헌법재판소증인등비용지급에관한규칙,헌법재판소규칙,273407
청소년기본법,시행규칙,279213
청소년기본법,시행령,284883
청소년기본법,법률,285603
항만공사법,시행규칙,282713
항만공사법,시행령,281323
항만공사법,법률,284405
부동산등기특별조치법,법률,238263
국가경찰과자치경찰의조직및운영에관한법률,법률,268727
전기사업법,시행규칙,278987
전기사업법,시행령,281207
전기사업법,법률,284383
정치자금사무관리규칙,중앙선거관리위원회규칙,269183
평화경제특별구역의지정및운영에관한법률,시행령,280979
평화경제특별구역의지정및운영에관한법률,법률,251565
대한민국재향경우회법,법률,216199
경제사회노동위원회법,시행령,281217
경제사회노동위원회법,법률,276841
담보부사채신탁법,시행령,205342
담보부사채신탁법,법률,231757
순환골재품질인증및관리에관한규칙,건설교통부령,284545
각급법원에배치할판사의수에관한규칙,대법원규칙,283815
중국산단일모드광섬유에대한덤핑방지관세부과에관한규칙,재정경제부령,284971
진실ㆍ화해를위한과거사정리기본법에의한가족관계등록사무처리규칙,대법원규칙,285865
선거관리위원회공무원행동강령,중앙선거관리위원회규칙,256379
국가회계법,시행령,280811
국가회계법,법률,276077
공직자의이해충돌방지법의시행에관한대법원규칙,대법원규칙,242677
한국대학교육협의회법,법률,205806
지방재정업무처리를위한정보시스템의관리ㆍ운영에관한규칙,행정안전부령,247991
생명연구자원의확보ㆍ관리및활용에관한법률,시행령,278223
생명연구자원의확보ㆍ관리및활용에관한법률,법률,276231
자율방범대설치및운영에관한법률,시행규칙,250679
자율방범대설치및운영에관한법률,시행령,250235
자율방범대설치및운영에관한법률,법률,273319
농산물의생산자를위한직접지불제도,시행규칙,261819
부동산등기특별조치법에따른과태료부과ㆍ징수규칙,행정안전부령,264885
식물신품종보호법에따른품종보호료및수수료징수규칙,농림축산식품부령,177294
법무장교의선발에관한규칙,국방부령,278657
서해5도지원특별법,시행령,281529
서해5도지원특별법,법률,246595
전력기술관리법,시행규칙,278995
전력기술관리법,시행령,284851
전력기술관리법,법률,276593
상고심절차에관한특례법,법률,97050
신라왕경핵심유적복원ㆍ정비에관한특별법,시행령,272855
신라왕경핵심유적복원ㆍ정비에관한특별법,법률,260493
형사소송법,법률,281865
형사소송법,군정법령,62852
교사임용후보자명부작성규칙,문교부령,61460
사관학교설치법,법률,231325
전기용품및생활용품안전관리법,시행규칙,285265
전기용품및생활용품안전관리법,시행령,282997
전기용품및생활용품안전관리법,법률,276591
교육감선거관리규칙,중앙선거관리위원회규칙,268673
재외공관주재관임용령,대통령령,282801
산업통상부소관비상대비에관한법률,시행규칙,278733
철도경찰직공무원임용시험의체력검사에관한규칙,국토교통부령,160424
공무원재해보상법,시행규칙,270211
공무원재해보상법,시행령,272695
공무원재해보상법,법률,283709
상업등기법,법률,265393
광주광역시서구와남구의관할구역변경에관한규정,대통령령,203487
경찰청과그소속기관직제,시행규칙,285069
경찰청과그소속기관직제,대통령령,284599
농어업재해대책법,시행규칙,236277
농어업재해대책법,시행령,281313
농어업재해대책법,법률,273323
외교문서공개에관한규칙,외교통상부령,262911
연구실안전환경조성에관한법률,시행규칙,283229
연구실안전환경조성에관한법률,시행령,282991
연구실안전환경조성에관한법률,법률,283355
언론중재및피해구제등에관한법률,시행령,215159
언론중재및피해구제등에관한법률,법률,253581
국가안전보장회의법,법률,149822
외교부및재외동포청소관비영리법인의설립및감독에관한규칙,외교부령,259333
국세물납재산취급규칙,대통령령,49315
통신제한조치허가등규칙,대법원규칙,228985
한부모가족지원법,시행규칙,278861
한부모가족지원법,시행령,277475
한부모가족지원법,법률,276915
유어장의지정및관리에관한규칙,해양수산부령,272783
국민권익위원회와그소속기관직제,시행규칙,283097
국민권익위원회와그소속기관직제,대통령령,283027
한국재정정보원법,시행령,281419
한국재정정보원법,법률,276155
해외진출기업의국내복귀지원에관한법률,시행규칙,282773
해외진출기업의국내복귀지원에관한법률,시행령,283015
해외진출기업의국내복귀지원에관한법률,법률,280057
식품ㆍ의약품분야시험ㆍ검사등에관한법률,시행규칙,272421
식품ㆍ의약품분야시험ㆍ검사등에관한법률,시행령,278069
식품ㆍ의약품분야시험ㆍ검사등에관한법률,법률,279747
스카우트활동육성에관한법률,법률,276883
부정경쟁방지및영업비밀보호에관한법률,시행령,284759
부정경쟁방지및영업비밀보호에관한법률,법률,277201
국립해양생물자원관의설립및운영에관한법률,시행령,195784
국립해양생물자원관의설립및운영에관한법률,법률,193436
전쟁기념사업회법시행령,대통령령,268407
중소기업은행법제54조제6항시행에관한규정,대통령령,85012
삼청교육피해자의명예회복및보상에관한법률,시행령,277675
삼청교육피해자의명예회복및보상에관한법률,법률,231327
국적법,시행규칙,262177
국적법,시행령,246165
국적법,법률,244609
농어촌도로정비법,시행규칙,235315
농어촌도로정비법,시행령,262803
농어촌도로정비법,법률,246687
사립학교보조와원조에관한건,문교부령,137530
선박에서의오염방지에관한규칙,해양수산부령,279409
헌법재판소사무처소관비영리법인의설립및감독에관한규칙,헌법재판소규칙,165352
교원의지위향상및교육활동보호를위한특별법,시행령,273699
교원의지위향상및교육활동보호를위한특별법,법률,283357
대학설립ㆍ운영규정,시행규칙,261227
대학설립ㆍ운영규정,대통령령,284721
부동산거래신고등에관한법률,시행규칙,283339
부동산거래신고등에관한법률,시행령,285597
부동산거래신고등에관한법률,법률,259641
의료기기산업육성및혁신의료기기지원법,시행규칙,217901
의료기기산업육성및혁신의료기기지원법,시행령,281161
의료기기산업육성및혁신의료기기지원법,법률,281935
임시교원양성소규정,대통령령,135690
상표법,조선총독부법률,67866
상표법,시행규칙,283243
상표법,시행령,277543
상표법,법률,279819
고려인동포합법적체류자격취득및정착지원을위한특별법,시행령,249555
고려인동포합법적체류자격취득및정착지원을위한특별법,법률,248485
운항시각조정ㆍ배분등에관한규칙,국토교통부령,276015
특허료등의징수규칙,산업자원부령,283819
임용결격공무원등에대한퇴직보상금지급등에관한특례법,시행령,204627
임용결격공무원등에대한퇴직보상금지급등에관한특례법,법률,212127
택시운송사업의발전에관한법률,시행규칙,243283
택시운송사업의발전에관한법률,시행령,268935
택시운송사업의발전에관한법률,법률,265197
석유광산안전규칙,산업통상자원부령,278739
자원의절약과재활용촉진에관한법률,시행규칙,285615
자원의절약과재활용촉진에관한법률,시행령,285563
자원의절약과재활용촉진에관한법률,법률,283445
재외근무수당가산금지급규칙,외교통상부령,266251
연근해어업의구조개선및지원에관한법률,시행규칙,243813
연근해어업의구조개선및지원에관한법률,시행령,281689
연근해어업의구조개선및지원에관한법률,법률,283833
김산업의육성및지원에관한법률,시행규칙,238617
김산업의육성및지원에관한법률,시행령,280551
김산업의육성및지원에관한법률,법률,270825
인사혁신처와그소속기관직제,시행규칙,285009
인사혁신처와그소속기관직제,대통령령,284639
공공단체등위탁선거에관한규칙,중앙선거관리위원회규칙,283045
학교복합시설설치및운영ㆍ관리에관한법률,시행규칙,272935
학교복합시설설치및운영ㆍ관리에관한법률,시행령,272805
학교복합시설설치및운영ㆍ관리에관한법률,법률,268507
우정사업운영에관한특례법,시행령,280945
우정사업운영에관한특례법,법률,276235
감사교육원운영등에관한규칙,감사원규칙,209959
사도장학금에관한규정,대통령령,135672
채무자회생및파산에관한규칙,대법원규칙,283117
대한민국과아메리카합중국간의상호방위조약제4조에의한시설과구역및대한민국에서의합중국군대의지위에관한협정의시행에관한형사특별법,법률,112382
마약류중독자치료보호등에관한규칙,보건복지부령,265147
노면전차건설및운전등에관한규칙,국토교통부령,270631
군공항이전및지원에관한특별법,시행령,281005
군공항이전및지원에관한특별법,법률,276297
육군미사일전략사령부령,대통령령,241517
유실물법,시행령,241139
유실물법,법률,149564
조선산금령,법률,25
농촌진흥법,시행규칙,262113
농촌진흥법,시행령,280481
농촌진흥법,법률,283753
병무청과그소속기관직제,시행규칙,283587
병무청과그소속기관직제,대통령령,283533
경범죄처벌법,시행규칙,239049
경범죄처벌법,시행령,241185
경범죄처벌법,법률,198226
지방재정법,시행령,281539
지방재정법,법률,283145
전기안전관리법,시행규칙,279943
전기안전관리법,시행령,282333
전기안전관리법,법률,284385
클라우드컴퓨팅발전및이용자보호에관한법률,시행규칙,247817
클라우드컴퓨팅발전및이용자보호에관한법률,시행령,280955
클라우드컴퓨팅발전및이용자보호에관한법률,법률,277387
법무부감찰위원회규정,대통령령,217629
양성평등기본법,시행규칙,172505
양성평등기본법,시행령,281235
양성평등기본법,법률,283895
전문직공무원인사규정,대통령령,272711
수상레저기구의등록및검사에관한법률,시행규칙,252615
수상레저기구의등록및검사에관한법률,시행령,280591
수상레저기구의등록및검사에관한법률,법률,243139
고등검찰청검사의지방검찰청소재지에서의사무처리에관한규칙,법무부령,116822
지방회계법,시행령,280221
지방회계법,법률,276363
특정범죄신고자등보호법,시행규칙,264531
특정범죄신고자등보호법,법률,188381
고용보험ㆍ산업재해보상보험의보험관계성립신고등의촉진을위한특별조치법,법률,91137
배타적경제수역및대륙붕에관한법률,법률,192412
정책자문위원회규정,대통령령,256005
특수외국어교육진흥에관한법률,시행령,208699
특수외국어교육진흥에관한법률,법률,205801
시국사건관련임용제외교원의피해회복을위한조치에관한특별법,시행령,283613
시국사건관련임용제외교원의피해회복을위한조치에관한특별법,법률,283253
한국은행법,시행령,280913
한국은행법,법률,276153
징발재산정리에관한특별조치법,법률,276313
상생조정위원회의설치및운영에관한규정,대통령령,277491
공공기관지방이전에따른혁신도시건설및지원에관한특별법,시행령,284917
공공기관지방이전에따른혁신도시건설및지원에관한특별법,법률,277055
한국법학원육성법,시행령,192356
한국법학원육성법,법률,199508
하도급거래공정화에관한법률,시행령,278133
하도급거래공정화에관한법률,법률,283169
교육비특별회계회계기준에관한규칙,교육인적자원부령,248725
행정기관소속위원회의설치ㆍ운영에관한법률,시행령,256109
행정기관소속위원회의설치ㆍ운영에관한법률,법률,250953
자동차관리법제21조제2항등의규정에따른행정처분의기준과절차에관한규칙,국토교통부령,273379
군복및군용장구의단속에관한법률,시행규칙,256889
군복및군용장구의단속에관한법률,시행령,256505
군복및군용장구의단속에관한법률,법률,272903
외국인서훈추천에관한규칙,외교통상부령,200699
해양조사와해양정보활용에관한법률,시행규칙,229631
해양조사와해양정보활용에관한법률,시행령,283013
해양조사와해양정보활용에관한법률,법률,277099
주택건설기준등에관한규정,대통령령,285833
외국환거래법,시행령,285607
외국환거래법,법률,276137
잔류성유기오염물질관리법,시행규칙,278983
잔류성유기오염물질관리법,시행령,282325
잔류성유기오염물질관리법,법률,276787
병역판정신체검사등검사규칙,국방부령,260145
파독광부ㆍ간호사ㆍ간호조무사에대한지원및기념사업에관한법률,시행령,232149
파독광부ㆍ간호사ㆍ간호조무사에대한지원및기념사업에관한법률,법률,219131
선거관리위원회공공데이터의제공및이용활성화에관한규칙,중앙선거관리위원회규칙,256389
국립생태원의설립및운영에관한법률,시행령,278503
국립생태원의설립및운영에관한법률,법률,276701
재외공관수입금등직접사용에관한법률,시행령,135738
재외공관수입금등직접사용에관한법률,법률,136666
특별감찰관직제,대통령령,155646
크루즈산업의육성및지원에관한법률,시행령,193991
크루즈산업의육성및지원에관한법률,법률,210363
농림수산식품투자조합결성및운용에관한법률,시행규칙,190823
농림수산식품투자조합결성및운용에관한법률,시행령,271047
농림수산식품투자조합결성및운용에관한법률,법률,251935
헌법재판소사무관리규칙,헌법재판소규칙,234495
서울대학교병원설치법,시행령,281445
서울대학교병원설치법,법률,276177
국립사범대학졸업자중교원미임용자임용등에관한특별법,시행령,135649
군사법원의소송절차에관한규칙,대법원규칙,243537
감사원변상판정청구에관한규칙,감사원규칙,199620
군무회의규칙,국방부령,137631
검찰청법,법률,285047
검찰청법,군정법령,62801
헌법재판소사무처행정업무등의전자적처리에관한규칙,헌법재판소규칙,243811
교통시설특별회계법,시행규칙,106829
교통시설특별회계법,법률,276947
외국인관광객등에대한부가가치세및개별소비세특례규정,시행규칙,282663
외국인관광객등에대한부가가치세및개별소비세특례규정,대통령령,280877
농업기계화촉진법,시행규칙,271101
농업기계화촉진법,시행령,263221
농업기계화촉진법,법률,252843
선거관리위원회개방형직위의운영등에관한규칙,선거관리위원회규칙,249409
대중교통의육성및이용촉진에관한법률,시행규칙,263975
대중교통의육성및이용촉진에관한법률,시행령,261899
대중교통의육성및이용촉진에관한법률,법률,268839
국제사법,법률,238791
민원처리에관한법률,시행규칙,265249
민원처리에관한법률,시행령,285815
민원처리에관한법률,법률,239293
공공디자인의진흥에관한법률,시행규칙,270003
공공디자인의진흥에관한법률,시행령,281067
공공디자인의진흥에관한법률,법률,276381
어린이ㆍ노인및장애인보호구역의지정및관리에관한규칙,국토교통부령,264655
대학등록금에관한규칙,교육과학기술부령,240223
우체국어음교환소참가규정,대통령령,195440
온실가스배출권의할당및거래에관한법률,시행령,285737
온실가스배출권의할당및거래에관한법률,법률,285269
학술진흥법,시행규칙,220701
학술진흥법,시행령,245227
학술진흥법,법률,230413
금융소비자보호에관한법률,시행령,285715
금융소비자보호에관한법률,법률,277247
항공기등록규칙,교통부령,279859
한국연구재단법,시행령,278281
한국연구재단법,법률,276253
국회정보공개규칙,국회규칙,280711
대부업등의등록및금융이용자보호에관한법률,시행령,285821
대부업등의등록및금융이용자보호에관한법률,법률,277259
국새규정,대통령령,266143
교육공무원인사기록및인사사무처리규칙,교육부령,285461
의료관계행정처분규칙,보건복지부령,285311
소방시설설치및관리에관한법률,시행규칙,280195
소방시설설치및관리에관한법률,시행령,284781
소방시설설치및관리에관한법률,법률,247269
주거급여법,시행규칙,178495
주거급여법,시행령,220519
주거급여법,법률,250087
농업협동조합의구조개선에관한법률,시행령,272991
농업협동조합의구조개선에관한법률,법률,276437
집단에너지사업법,시행규칙,279009
집단에너지사업법,시행령,278451
집단에너지사업법,법률,284393
지역문화진흥법,시행규칙,210705
지역문화진흥법,시행령,261113
지역문화진흥법,법률,284107
방송광고판매대행등에관한법률,시행령,284753
방송광고판매대행등에관한법률,법률,277333
자동차등특정동산저당법,시행령,251373
자동차등특정동산저당법,법률,243145
부담금관리기본법,시행령,280857
부담금관리기본법,법률,276119
국회상설소위원회설치등에관한규칙,국회규칙,35649
국군심리전단령,대통령령,14155
가사소송수수료규칙,대법원규칙,181255
지방소방기관설치에관한규정,대통령령,248277
가등기담보등에관한법률,법률,188538
국립유치원및초ㆍ중등학교회계규칙,교육부령,210514
농수산물수출진흥법,법률,41
전국과학전람회규칙,총리령,208658
문화기본법,시행규칙,285005
문화기본법,시행령,284643
문화기본법,법률,270161
도시개발법,시행규칙,268933
도시개발법,시행령,277951
도시개발법,법률,284059
제조물책임법,법률,193381
급경사지재해예방에관한법률,시행규칙,264633
급경사지재해예방에관한법률,시행령,284697
급경사지재해예방에관한법률,법률,260239
군인징계령,시행규칙,283099
군인징계령,대통령령,263453
생활화학제품및살생물제의안전관리에관한법률,시행규칙,282407
생활화학제품및살생물제의안전관리에관한법률,시행령,278551
생활화학제품및살생물제의안전관리에관한법률,법률,282555
보행안전및편의증진에관한법률,시행규칙,243865
보행안전및편의증진에관한법률,시행령,281521
보행안전및편의증진에관한법률,법률,248781
천문법,시행령,261581
천문법,법률,259395
국립항공박물관법,시행령,211421
국립항공박물관법,법률,210189
형의집행및수용자의처우에관한법률,시행규칙,283313
형의집행및수용자의처우에관한법률,시행령,281471
형의집행및수용자의처우에관한법률,법률,280443
대부업정책협의회등의구성및운영에관한규정,대통령령,281381
감사원징계규칙,감사원규칙,184477
실험동물에관한법률,시행규칙,263807
실험동물에관한법률,시행령,268647
실험동물에관한법률,법률,257731
유해ㆍ위험작업의취업제한에관한규칙,고용노동부령,285435
국제회의산업육성에관한법률,시행규칙,282739
국제회의산업육성에관한법률,시행령,246885
국제회의산업육성에관한법률,법률,251115
노동절제정에관한법률,법률,279809
법원재난에기인한민형사사건임시조치법,법률,103864
인문학및인문정신문화의진흥에관한법률,시행령,281561
인문학및인문정신문화의진흥에관한법률,법률,205795
국가유산수리등에관한법률,시행규칙,282809
국가유산수리등에관한법률,시행령,282807
국가유산수리등에관한법률,법률,279661
한국장학재단설립등에관한법률,시행령,268473
한국장학재단설립등에관한법률,법률,276203
회생ㆍ파산위원회설치및운영에관한규칙,대법원규칙,186202
위기임신및보호출산지원과아동보호에관한특별법,시행규칙,271111
위기임신및보호출산지원과아동보호에관한특별법,시행령,263169
위기임신및보호출산지원과아동보호에관한특별법,법률,279721
신탁법,시행령,223781
신탁법,법률,198564
부패방지및국민권익위원회의설치와운영에관한법률의시행에관한중앙선거관리위원회규칙,중앙선거관리위원회규칙,273515
기술사법,법률(법률),234749
기술사법,시행규칙,239165
기술사법,시행령,278213
기술사법,법률,3905
약사법,시행규칙,283861
약사법,시행령,278071
약사법,법률,285341
재외공무원재해보상규정,대통령령,204648
송ㆍ변전설비주변지역의보상및지원에관한법률,시행규칙,278937
송ㆍ변전설비주변지역의보상및지원에관한법률,시행령,278381
송ㆍ변전설비주변지역의보상및지원에관한법률,법률,280061
농촌진흥청과그소속기관직제,시행규칙,283581
농촌진흥청과그소속기관직제,대통령령,283537
한국은행통화안정증권법,법률,181386
사문서의일자확정청구수수료규칙,대법원규칙,251131
지문을채취할형사피의자의범위에관한규칙,법무부령,73737
한국철도공사법,법률(법률),277049
한국철도공사법,시행령,281675
한국철도공사법,법률,1977
형사전자소송추진단설치및운영에관한규칙,대법원규칙,268005
국제조세조정에관한법률,시행규칙,284973
국제조세조정에관한법률,시행령,283629
국제조세조정에관한법률,법률,280389
민사소송비용법,법률,130808
민사소송비용법,군정법령,65947
검사의보수에관한법률,시행령,285407
검사의보수에관한법률,법률,121947
가정보호심판규칙,대법원규칙,264543
공무원노동조합관련해직공무원등의복직등에관한특별법,시행령,231539
공무원노동조합관련해직공무원등의복직등에관한특별법,법률,228479
국유재산특례제한법,시행령,280823
국유재산특례제한법,법률,283411
재외공관용재산의취득ㆍ관리등에관한특례법,시행령,135739
재외공관용재산의취득ㆍ관리등에관한특례법,법률,150369
자유무역지역의지정및운영에관한법률,시행규칙,278767
자유무역지역의지정및운영에관한법률,시행령,284833
자유무역지역의지정및운영에관한법률,법률,276577
4ㆍ16세월호참사진상규명및안전사회건설등을위한특별법,시행령,281677
4ㆍ16세월호참사진상규명및안전사회건설등을위한특별법,법률,284117
원자력안전정보공개및소통에관한법률,시행규칙,243267
원자력안전정보공개및소통에관한법률,시행령,263231
원자력안전정보공개및소통에관한법률,법률,259307
도시농업의육성및지원에관한법률,시행규칙,285111
도시농업의육성및지원에관한법률,시행령,215079
도시농업의육성및지원에관한법률,법률,276441
법원감사규칙,대법원규칙,260651
대도시권광역교통관리에관한특별법,시행령,281655
대도시권광역교통관리에관한특별법,법률,280117
공직자윤리법의시행에관한대법원규칙,대법원규칙,279351
1인창조기업육성에관한법률,시행령,280537
1인창조기업육성에관한법률,법률,281977
대외무역법,시행령,284507
대외무역법,법률,276491
군인자녀의교육여건개선을위한고등학교의학생모집등에관한특례규정,대통령령,267109
국회도서관직제,국회규칙,280721
군용전기통신법시행령,각령(각령),15493
군용전기통신법시행령,각령,262397
특정강력범죄의처벌에관한특례법,법률,280403
인천광역시남구와남동구,동구의관할구역변경에관한규정,대통령령,192396
등기특별회계규칙,대법원규칙,280739
해양레저관광진흥법,시행규칙,268959
해양레저관광진흥법,시행령,268263
해양레저관광진흥법,법률,259593
지방공무원법,법률,267589
장애인건강권및의료접근성보장에관한법률,시행규칙,279207
장애인건강권및의료접근성보장에관한법률,시행령,275225
장애인건강권및의료접근성보장에관한법률,법률,270413
공장및광업재단저당등기규칙,대법원규칙,266765
진술조력인의선정등에관한규칙,법무부령,261699
임금채권보장법,시행규칙,278681
임금채권보장법,시행령,281625
임금채권보장법,법률,283451
국립중앙도서관과그소속도서관이용규칙,문화체육관광부령,245927
대한노인회지원에관한법률,시행규칙,184833
대한노인회지원에관한법률,시행령,119420
대한노인회지원에관한법률,법률,180744
주식회사등의외부감사에관한법률,시행규칙,212377
주식회사등의외부감사에관한법률,시행령,271155
주식회사등의외부감사에관한법률,법률,270309
담배사업법,시행규칙,285315
담배사업법,시행령,280839
담배사업법,법률,280343
도시숲등의조성및관리에관한법률,시행규칙,264405
도시숲등의조성및관리에관한법률,시행령,264283
도시숲등의조성및관리에관한법률,법률,283953
부패방지및국민권익위원회의설치와운영에관한법률의시행에관한헌법재판소규칙,헌법재판소규칙,224787
무인도서의보전및관리에관한법률,시행규칙,261103
무인도서의보전및관리에관한법률,시행령,278011
무인도서의보전및관리에관한법률,법률,277061
광업개발조성법,법률,24
교육세법,법률(법률),280369
교육세법,시행령,283617
교육세법,법률,54651
소방의화재조사에관한법률,시행규칙,267485
소방의화재조사에관한법률,시행령,245533
소방의화재조사에관한법률,법률,268791
해양수산부소관친환경농어업육성및유기식품등의관리ㆍ지원에관한법률,시행규칙,271017
도시철도채권매입사무취급규칙,국토해양부령,282379
순직소방공무원등지원사업운영규칙,행정안전부령,264583
수도권매립지관리공사의설립및운영등에관한법률,시행령,278559
수도권매립지관리공사의설립및운영등에관한법률,법률,276755
선거관리위원회행정업무등의전자화촉진에관한규칙,중앙선거관리위원회규칙,224713
헌신영예기장령,시행규칙,249407
헌신영예기장령,대통령령,248859
국립학교설치령,대통령령,283491
학력인정학교지정규칙,교육부령,137626
체육인복지법,시행규칙,244279
체육인복지법,시행령,283553
체육인복지법,법률,279677
비영리법인의임원처벌에관한법률,법률,149553
고등학교이하각급학교설립ㆍ운영규정,시행규칙,191256
고등학교이하각급학교설립ㆍ운영규정,대통령령,284671
부산광역시해운대구와금정구의관할구역변경에관한규정,대통령령,217917
정기간행물등의등록취소심판등에관한규칙,대법원규칙,236657
군인의시간외근무수당등에관한규정,대통령령,281489
인터넷선거보도심의위원회의구성및운영에관한규칙,중앙선거관리위원회규칙,248325
정보통신진흥및융합활성화등에관한특별법,시행규칙,246059
정보통신진흥및융합활성화등에관한특별법,시행령,284863
정보통신진흥및융합활성화등에관한특별법,법률,285533
법관의승급기준에관한규칙,대법원규칙,269629
제대군인지원에관한법률,시행규칙,261967
제대군인지원에관한법률,시행령,284865
제대군인지원에관한법률,법률,283435
벤처투자촉진에관한법률,시행규칙,280173
벤처투자촉진에관한법률,시행령,282959
벤처투자촉진에관한법률,법률,281983
민주화운동관련자명예회복및보상등에관한법률,시행령,277723
민주화운동관련자명예회복및보상등에관한법률,법률,170988
의무소방대설치법,시행령,264925
의무소방대설치법,법률,195287
선박톤수의측정에관한규칙,국토해양부령,233591
농어업인삶의질향상및농어촌지역개발촉진에관한특별법,시행규칙,250503
농어업인삶의질향상및농어촌지역개발촉진에관한특별법,시행령,281569
농어업인삶의질향상및농어촌지역개발촉진에관한특별법,법률,276423
박물관및미술관진흥법,시행규칙,263265
박물관및미술관진흥법,시행령,284749
박물관및미술관진흥법,법률,284079
자율주행자동차상용화촉진및지원에관한법률,시행규칙,271493
자율주행자동차상용화촉진및지원에관한법률,시행령,281287
자율주행자동차상용화촉진및지원에관한법률,법률,284163
건축물의피난ㆍ방화구조등의기준에관한규칙,국토교통부령,279461
군수품관리법,시행규칙,236545
군수품관리법,시행령,281007
군수품관리법,법률,276301
말산업육성법,시행규칙,211369
말산업육성법,시행령,192848
말산업육성법,법률,267327
비료관리법,시행규칙,253689
비료관리법,시행령,247183
비료관리법,법률,276443
교정직공무원승진임용규정,대통령령,217433
규제자유특구및지역특화발전특구에관한규제특례법,시행규칙,264783
규제자유특구및지역특화발전특구에관한규제특례법,시행령,285725
규제자유특구및지역특화발전특구에관한규제특례법,법률,284299
거절증서령,각령,116110
선박등기법,법률,265383
공무원보수규정,대통령령,283493
변호사보수의소송비용산입에관한규칙,대법원규칙,225413
녹색기후기금의운영지원에관한법률,법률,276097
공중위생관리법,시행규칙,283855
공중위생관리법,시행령,266301
공중위생관리법,법률,279683
공기업의경영구조개선및민영화에관한법률시행령,대통령령,280793
지방교육행정기관재정투자사업심사규칙,교육부령,265139
국무조정실소관비영리법인의설립및감독에관한규칙,총리령,238197
화염병사용등의처벌에관한법률,법률,211799
헌법재판소정보화심의위원회규칙,헌법재판소규칙,230569
태권도진흥및태권도공원조성등에관한법률,시행규칙,266879
태권도진흥및태권도공원조성등에관한법률,시행령,267273
태권도진흥및태권도공원조성등에관한법률,법률,257313
공무원의노동조합설립및운영등에관한법률,시행규칙,278667
공무원의노동조합설립및운영등에관한법률,시행령,256437
공무원의노동조합설립및운영등에관한법률,법률,243037
국군체육부대령,대통령령,210806
한국환경공단법,시행령,278623
한국환경공단법,법률,276811
수석교사의재심사에관한규칙,교육과학기술부령,182660
지방소도읍육성지원법,시행령,262335
지방소도읍육성지원법,법률,253491
농림축산식품부와그소속기관직제,시행규칙,285087
농림축산식품부와그소속기관직제,대통령령,284583
기후변화대응기술개발촉진법,시행규칙,236451
기후변화대응기술개발촉진법,시행령,282945
기후변화대응기술개발촉진법,법률,242875
지방자치단체전자인사관리시스템구축ㆍ운영등에관한규정,대통령령,237335
유한책임신탁등기규칙,대법원규칙,266853
학술원사무국직제,대통령령,254343
국립환경과학원시험의뢰규칙,환경부령,278877
철도산업발전기본법시행규칙,건설교통부령,221523
도시및주거환경정비법,시행규칙,283327
도시및주거환경정비법,시행령,284733
도시및주거환경정비법,법률,284065
관세사법,시행규칙,284981
관세사법,시행령,284683
관세사법,법률,280367
공항시설법,시행규칙,283729
공항시설법,시행령,283615
공항시설법,법률,276945
교육감소속지방공무원인사기록ㆍ통계및인사사무처리규칙,교육과학기술부령,230745
기상법,시행규칙,279339
기상법,시행령,282307
기상법,법률,284327
전자조달의이용및촉진에관한법률,시행규칙,144133
전자조달의이용및촉진에관한법률,시행령,280885
전자조달의이용및촉진에관한법률,법률,280407
농촌공간재구조화및재생지원에관한법률,시행규칙,263067
농촌공간재구조화및재생지원에관한법률,시행령,279309
농촌공간재구조화및재생지원에관한법률,법률,284055
제주특별자치도설치및국제자유도시조성을위한특별법제363조제5항에따른범칙금양정기준에관한규칙,법무부령,79204
보건범죄단속에관한특별조치법시행령,대통령령,103228
법원별정직공무원규칙,대법원규칙,225431
국악진흥법,시행규칙,264387
국악진흥법,시행령,282303
국악진흥법,법률,252827
자연재난구호및복구비용부담기준등에관한규정,대통령령,279945
지방공무원평정규칙,행정자치부령,285289
국립현대미술관전시품관람규칙,문화관광부령,192609
대구경북통합신공항건설을위한특별법,시행규칙,254219
대구경북통합신공항건설을위한특별법,시행령,281653
대구경북통합신공항건설을위한특별법,법률,276969
등기소의설치와관할구역에관한규칙,대법원규칙,279349
해양수산생명자원의확보ㆍ관리및이용등에관한법률,시행규칙,270617
해양수산생명자원의확보ㆍ관리및이용등에관한법률,시행령,263963
해양수산생명자원의확보ㆍ관리및이용등에관한법률,법률,277097
헌법연구관보임용의면제등에관한규칙,헌법재판소규칙,160014
지방공휴일에관한규정,대통령령,204036
공무원범죄에관한몰수특례법,법률,228081
옥외광고물등의관리와옥외광고산업진흥에관한법률,시행령,282903
공증서류의보존에관한규칙,법무부령,229213
소하천정비법,시행규칙,261219
소하천정비법,시행령,264699
소하천정비법,법률,276319
법률구조법,시행규칙,250191
법률구조법,시행령,242387
법률구조법,법률,239375
6ㆍ25전쟁납북피해진상규명및납북피해자명예회복에관한법률,시행령,195536
6ㆍ25전쟁납북피해진상규명및납북피해자명예회복에관한법률,법률,283683
보호관찰등에관한법률,시행규칙,248585
보호관찰등에관한법률,시행령,247017
보호관찰등에관한법률,법률,268863
제주4ㆍ3사건진상규명및희생자명예회복에관한특별법에의한가족관계등록사무처리규칙,대법원규칙,257879
농산물의생산자를위한직접지불제도시행규정,대통령령,285221
공증서식의사용등에관한규칙,법무부령,240211
광업등록령,시행규칙,184656
광업등록령,각령,278303
공무용차량관리규정,대통령령,263509
도시재생활성화및지원에관한특별법,시행령,285399
도시재생활성화및지원에관한특별법,법률,276977
공무원후생복지에관한규정,대통령령,227215
각종기념일등에관한규정,대통령령,281021
동산ㆍ채권의담보등기등에관한규칙,대법원규칙,266895
건설근로자의기능등급확인증발급등에관한규칙,국토교통부령,284519
건축물관리법,시행규칙,271531
건축물관리법,시행령,284661
건축물관리법,법률,266691
법관윤리강령,대법원규칙,74040
4차산업혁명위원회의설치및운영에관한규정,대통령령,280919
성폭력범죄등사건의심리ㆍ재판및피해자보호에관한규칙,대법원규칙,240123
기업구조조정촉진법,시행령(대통령령),267739
기업구조조정촉진법,법률(법률),277255
기업구조조정촉진법,시행령,115334
기업구조조정촉진법,법률,105177
농어업고용인력지원특별법,시행규칙,283601
농어업고용인력지원특별법,시행령,283345
농어업고용인력지원특별법,법률,273321
한국은행정부유가증권취급규칙,기획재정부령,282699
대일항쟁기강제동원피해조사및국외강제동원희생자등지원에관한특별법에의한가족관계등록사무처리규칙,대법원규칙,105590
특허권등의등록령,시행규칙,280177
특허권등의등록령,대통령령,277549
곤충산업의육성및지원에관한법률,시행규칙,211353
곤충산업의육성및지원에관한법률,시행령,209617
곤충산업의육성및지원에관한법률,법률,206652
온라인투자연계금융업및이용자보호에관한법률,시행령,271449
온라인투자연계금융업및이용자보호에관한법률,법률,254791
국립국가폭력트라우마치유센터의설립및운영에관한법률,시행령,280473
국립국가폭력트라우마치유센터의설립및운영에관한법률,법률,273361
의사상자등예우및지원에관한법률,시행규칙,273901
의사상자등예우및지원에관한법률,시행령,281595
의사상자등예우및지원에관한법률,법률,276679
여성농어업인육성법,시행규칙,262201
여성농어업인육성법,시행령,209037
여성농어업인육성법,법률,255843
산림보호법,시행규칙,283215
산림보호법,시행령,283131
산림보호법,법률,268869
낙농진흥법,시행규칙,190822
낙농진흥법,법률,217991
우주안보업무규정,대통령령,261849
파견근로자보호등에관한법률,시행규칙,263205
파견근로자보호등에관한법률,시행령,272523
파견근로자보호등에관한법률,법률,223983
근로감독관규정,국무원령,108467
협동조합기본법,시행규칙,282571
협동조합기본법,시행령,281421
협동조합기본법,법률,280423
방위산업기술보호법,시행규칙,271591
방위산업기술보호법,시행령,271291
방위산업기술보호법,법률,283945
도시하천유역침수피해방지대책법,시행령,278525
도시하천유역침수피해방지대책법,법률,276721
육군과학화전투훈련단령,대통령령,243911
공익신탁법,시행령,169302
공익신탁법,법률,198547
신용보증기금법,시행규칙,233691
신용보증기금법,시행령,273927
신용보증기금법,법률,277263
수소경제육성및수소안전관리에관한법률,시행규칙,278945
수소경제육성및수소안전관리에관한법률,시행령,281197
수소경제육성및수소안전관리에관한법률,법률,284335
벌금미납자의사회봉사집행에관한특례법,시행규칙,95035
벌금미납자의사회봉사집행에관한특례법,시행령,213153
벌금미납자의사회봉사집행에관한특례법,법률,92106
민법제312조의2단서의시행에관한규정,대통령령,20194
재산형등에관한검찰집행사무규칙,법무부령,282721
한의사전문의의수련및자격인정등에관한규정,시행규칙,269857
한의사전문의의수련및자격인정등에관한규정,대통령령,258801
법원인사사무규칙,대법원규칙,239155
법원공무원규칙,대법원규칙,283121
특수화물선박운송규칙,해양수산부령,256841
전자어음의발행및유통에관한법률,시행규칙,193042
전자어음의발행및유통에관한법률,시행령,240183
전자어음의발행및유통에관한법률,법률,218913
순환경제사회전환촉진법,시행규칙,282245
순환경제사회전환촉진법,시행령,283785
순환경제사회전환촉진법,법률,283397
중국산인쇄제판용평면모양사진플레이트에대한덤핑방지관세부과에관한규칙,기획재정부령(기획재정부령),239013
중국산인쇄제판용평면모양사진플레이트에대한덤핑방지관세부과에관한규칙,기획재정부령,197393
자동차및자동차부품의성능과기준에관한규칙,국토교통부령,280313
특정경제범죄가중처벌등에관한법률,시행령,267275
특정경제범죄가중처벌등에관한법률,법률,199773
가덕도신공항건설을위한특별법,시행규칙,235695
가덕도신공항건설을위한특별법,시행령,283651
가덕도신공항건설을위한특별법,법률,280063
어선법,시행규칙,282099
어선법,시행령,280299
어선법,법률,273691
숙련기술장려법,시행규칙,264523
숙련기술장려법,시행령,230605
숙련기술장려법,법률,252725
고등교육기관의자체평가에관한규칙,교육과학기술부령,137527
산업디지털전환촉진법,시행규칙,278719
산업디지털전환촉진법,시행령,281123
산업디지털전환촉진법,법률,276517
지방교육행정기관및공립의각급학교에두는국가공무원의정원에관한규정,시행규칙,241135
지방교육행정기관및공립의각급학교에두는국가공무원의정원에관한규정,대통령령,283517
기후위기대응을위한탄소중립ㆍ녹색성장기본법,시행령,285825
기후위기대응을위한탄소중립ㆍ녹색성장기본법,법률,285267
조달청과그소속기관직제,시행규칙,285125
조달청과그소속기관직제,대통령령,284597
지방자치법제156조제1항단서에따른전국적통일이필요한수수료의징수기준에관한규정,대통령령,273493
한강수계상수원수질개선및주민지원등에관한법률,시행규칙,282059
한강수계상수원수질개선및주민지원등에관한법률,시행령,278617
한강수계상수원수질개선및주민지원등에관한법률,법률,276807
수산업협동조합의구조개선에관한법률,법률,277071
정보통신공사업법,시행규칙,84228
정보통신공사업법,시행규칙(미래창조과학부령),272931
정보통신공사업법,시행령,284859
정보통신공사업법,법률,268833
동물진단용방사선발생장치의안전관리에관한규칙,농림수산식품부령,215337
작은도서관진흥법,시행령,270125
작은도서관진흥법,법률,268855
소방기본법,시행규칙,264961
소방기본법,시행령,285417
소방기본법,법률,268789
사회복지법인및사회복지시설재무ㆍ회계규칙,보건복지부령,246999
종자산업법,시행규칙,285113
종자산업법,시행령,270129
종자산업법,법률,246599
물환경보전법,시행규칙,282047
물환경보전법,시행령,284747
물환경보전법,법률,283441
대학입학전형관련수입ㆍ지출의항목및산정방법에관한규칙,교육부령,204332
법원개인정보보호에관한규칙,대법원규칙,257881
장애인ㆍ노인ㆍ임산부등의편의증진보장에관한법률,시행규칙,285263
장애인ㆍ노인ㆍ임산부등의편의증진보장에관한법률,시행령,281167
장애인ㆍ노인ㆍ임산부등의편의증진보장에관한법률,법률,279759
아동학대범죄의처벌등에관한특례법,시행규칙,283557
아동학대범죄의처벌등에관한특례법,시행령,283273
아동학대범죄의처벌등에관한특례법,법률,283203
교육감이고등학교의입학전형을실시하는지역에관한규칙,교육인적자원부령,77325
전문심리위원규칙,대법원규칙,266845
농림식품과학기술육성법,시행규칙,235955
농림식품과학기술육성법,시행령,282949
농림식품과학기술육성법,법률,231609
민사소송등에서의전자문서이용등에관한규칙,대법원규칙,267909
시체해부및보존에관한법률,시행령,241263
시체해부및보존에관한법률,법률,279705
한국교육방송공사법,시행령,277573
한국교육방송공사법,법률,277391
국가보안유공자상금지급등에관한규정제8조단서의규정에의한무기지정규칙,법무부령,37067
차관회의규정,대통령령,281541
보안관찰법,시행규칙,240269
보안관찰법,시행령,227509
보안관찰법,법률,213847
원양산업발전법,시행규칙,266147
원양산업발전법,시행령,281691
원양산업발전법,법률,284315
국회공무원직장협의회의설립ㆍ운영에관한규칙,국회규칙,280701
자연재해대책법,시행규칙,279183
자연재해대책법,시행령,282993
자연재해대책법,법률,276321
도심복합개발지원에관한법률,시행규칙,269053
도심복합개발지원에관한법률,시행령,268979
도심복합개발지원에관한법률,법률,284071
감사원법,법률,222549
농업인등의농외소득활동지원에관한법률,시행령,266171
농업인등의농외소득활동지원에관한법률,법률,252847
질병관리청시험의뢰규칙,보건복지부령,221823
별정우체국직원인사규칙,정보통신부령,280193
지방공무원임용령,대통령령,285405
선박관리산업발전법,시행규칙,260113
선박관리산업발전법,시행령,283721
선박관리산업발전법,법률,210204
헌법재판소기능연속성계획수립및시행에관한규칙,헌법재판소규칙,256469
국가기간전력망확충특별법,시행규칙,278875
국가기간전력망확충특별법,시행령,281185
국가기간전력망확충특별법,법률,284293
전자장치부착등에관한법률,시행규칙,258615
전자장치부착등에관한법률,시행령,263217
전자장치부착등에관한법률,법률,280401
교육공무원법,법률,273345
건널목개량촉진법,시행령,214995
건널목개량촉진법,법률,195219
베트남산스테인리스강냉간압연에대한덤핑방지관세부과에관한규칙,기획재정부령,272835
공공보건의료에관한법률,시행규칙,240827
공공보건의료에관한법률,시행령,281583
공공보건의료에관한법률,법률,242991
해양공간계획및관리에관한법률,시행규칙,233655
해양공간계획및관리에관한법률,시행령,267713
해양공간계획및관리에관한법률,법률,228157
축산계열화사업에관한법률,시행규칙,235983
축산계열화사업에관한법률,시행령,256727
축산계열화사업에관한법률,법률,225123
국제우편규정,대통령령,227321
고위공직자범죄등내부고발자보호에관한규정,대통령령,219989
부재선고에관한특별조치법,법률,97990
국유재산법제80조에따른청산절차의특례에관한규칙,기획재정부령,95736
사행산업통합감독위원회법,시행령,284761
사행산업통합감독위원회법,법률,281903
국회예산정책처직제,국회규칙,197078
송유관사업법,법률,283975
전사ㆍ순직한진급예정자의진급에관한특별법,시행령,210016
전사ㆍ순직한진급예정자의진급에관한특별법,법률,283689
나노기술개발촉진법,시행령,282947
나노기술개발촉진법,법률,268829
즉결심판에관한절차법,법률,195051
변리사법,시행규칙,279083
변리사법,시행령,277537
변리사법,법률,277199
공직자등의병역사항신고및공개에관한법률시행에관한국회규칙,국회규칙,35378
측량ㆍ수로조사및지적에관한법률,법률,284007
국민건강보험요양급여의기준에관한규칙,보건복지부령,285513
지하안전관리에관한특별법,시행규칙,264555
지하안전관리에관한특별법,시행령,283007
지하안전관리에관한특별법,법률,271251
고독사예방및관리에관한법률,시행규칙,261481
고독사예방및관리에관한법률,시행령,281841
고독사예방및관리에관한법률,법률,259675
군인및군무원의해외파견근무수당지급규정,대통령령,281483
군검찰사무운영규정,대통령령,283275
과학기술유공자예우및지원에관한법률,시행령,282925
과학기술유공자예우및지원에관한법률,법률,201137
법정방청및촬영등에관한규칙,대법원규칙,196523
군장려금지급규칙,국방부령,267883
가축분뇨의관리및이용에관한법률,시행규칙,282039
가축분뇨의관리및이용에관한법률,시행령,284655
가축분뇨의관리및이용에관한법률,법률,284291
노후거점산업단지의활력증진및경쟁력강화를위한특별법,시행령,281115
노후거점산업단지의활력증진및경쟁력강화를위한특별법,법률,284349
물관리기술발전및물산업진흥에관한법률,시행규칙,278909
물관리기술발전및물산업진흥에관한법률,시행령,281599
물관리기술발전및물산업진흥에관한법률,법률,276733
선거방송토론위원회의구성및운영에관한규칙,중앙선거관리위원회규칙,285501
먹는물관리법,시행규칙,279937
먹는물관리법,시행령,279923
먹는물관리법,법률,276727
환경친화적산업구조로의전환촉진에관한법률,시행규칙,278793
환경친화적산업구조로의전환촉진에관한법률,시행령,278485
환경친화적산업구조로의전환촉진에관한법률,법률,276645
해군군수사령부령,대통령령,209798
축사의부동산등기에관한특례규칙,대법원규칙,98207
건설산업기본법,시행규칙,282375
건설산업기본법,시행령,281245
건설산업기본법,법률,273435
수산식품산업의육성및지원에관한법률,시행규칙,269815
수산식품산업의육성및지원에관한법률,시행령,280587
수산식품산업의육성및지원에관한법률,법률,255869
국제형사재판소관할범죄의처벌등에관한법률,법률,112303
한국가스공사법,법률,284399
선원근로감독관직무규칙,교통부령,177276
전자문서및전자거래기본법,시행규칙,224723
전자문서및전자거래기본법,시행령,256703
전자문서및전자거래기본법,법률,236053
제주4ㆍ3사건진상규명및희생자명예회복에관한특별법,시행령,277759
제주4ㆍ3사건진상규명및희생자명예회복에관한특별법,법률,276337
태국산파티클보드에대한덤핑방지관세부과에관한규칙,기획재정부령,280249
검찰청관인관리규칙,법무부령,267881
교육공무원승진규정,대통령령,251543
생명공학육성법,시행규칙,264947
생명공학육성법,시행령,280939
생명공학육성법,법률,276229
형사사법절차전자화촉진법,시행령,241529
형사사법절차전자화촉진법,법률,238257
대기관리권역의대기환경개선에관한특별법,시행규칙,282045
대기관리권역의대기환경개선에관한특별법,시행령,284713
대기관리권역의대기환경개선에관한특별법,법률,276713
원격영상재판에관한특례법,법률,103861
강원특별자치도설치및미래산업글로벌도시조성을위한특별법,시행령,281023
강원특별자치도설치및미래산업글로벌도시조성을위한특별법,법률,285473
교원의노동조합설립및운영등에관한법률,시행규칙,233793
교원의노동조합설립및운영등에관한법률,시행령,256439
교원의노동조합설립및운영등에관한법률,법률,243039
항공사업법,시행규칙,282207
항공사업법,시행령,281305
항공사업법,법률,280131
대법원규칙의공포에관한규칙,대법원규칙,33791
검사의법복에관한규칙,법무부령,240197
기상청과그소속기관직제,시행규칙,285083
기상청과그소속기관직제,대통령령,284933
출입국관리법,시행규칙,283059
출입국관리법,시행령,271319
출입국관리법,법률,272921
보건의료요원장학금규정,국무원령,103231
연안사고예방에관한법률,시행규칙,279179
연안사고예방에관한법률,시행령,278125
연안사고예방에관한법률,법률,270841
허베이스피리트호유류오염사고피해주민의지원및해양환경의복원등에관한특별법,시행령,281701
허베이스피리트호유류오염사고피해주민의지원및해양환경의복원등에관한특별법,법률,277105
국정기획위원회의설치및운영에관한규정,대통령령,271629
정치어업권보상규정,대통령령,227833
베트남산합판에대한덤핑방지관세부과에관한규칙,기획재정부령(기획재정부령),263817
베트남산합판에대한덤핑방지관세부과에관한규칙,기획재정부령,239011
대리점거래의공정화에관한법률,시행령,260135
대리점거래의공정화에관한법률,법률,268289
사이버안보업무규정,대통령령,261003
군혈액관리규칙,국방부령,214095
제주특별자치도여행객에대한면세점특례규정,대통령령,280889
징발재산정리에관한특별조치법시행령,대통령령,282465
심뇌혈관질환의예방및관리에관한법률,시행규칙,252121
심뇌혈관질환의예방및관리에관한법률,시행령,272599
심뇌혈관질환의예방및관리에관한법률,법률,259525
의회지도자상건립등에관한규칙,국회규칙,35908
의료급여법,시행규칙,283865
의료급여법,시행령,280521
의료급여법,법률,270781
유아교육법,시행규칙,245761
유아교육법,시행령,285451
유아교육법,법률,279629
고등ㆍ평생교육지원특별회계법,법률,280425
자율관리어업육성및지원에관한법률,시행규칙,273721
자율관리어업육성및지원에관한법률,시행령,273159
자율관리어업육성및지원에관한법률,법률,239439
산업기술단지지원에관한특례법,시행규칙,247965
산업기술단지지원에관한특례법,시행령,263655
산업기술단지지원에관한특례법,법률,214237
농림축산식품부장관및그소속청장소관비영리법인의설립및감독에관한규칙,농림축산식품부령,137804
헌법재판소공용차량관리규칙,헌법재판소규칙,230009
우주손해배상법,법률,259391
변호사시험법,시행규칙,256853
변호사시험법,시행령,256763
변호사시험법,법률,246573
신용정보의이용및보호에관한법률,시행규칙,220673
신용정보의이용및보호에관한법률,시행령,283179
신용정보의이용및보호에관한법률,법률,283841
군사기지및군사시설보호법,시행규칙,259363
군사기지및군사시설보호법,시행령,277667
군사기지및군사시설보호법,법률,259611
데이터산업진흥및이용촉진에관한기본법,시행규칙,247551
데이터산업진흥및이용촉진에관한기본법,시행령,280559
데이터산업진흥및이용촉진에관한기본법,법률,283739
주류면허등에관한법률,시행규칙,282681
주류면허등에관한법률,시행령,280897
주류면허등에관한법률,법률,276149
조달사업에관한법률,시행규칙,282675
조달사업에관한법률,시행령,280891
조달사업에관한법률,법률,283847
상법,시행령,268379
상법,법률,284143
대한적십자사조직법,시행령,233367
대한적십자사조직법,법률,276659
어촌특화발전지원특별법,시행규칙,184264
어촌특화발전지원특별법,시행령,284805
어촌특화발전지원특별법,법률,250987
대한민국근무기장령,대통령령,56888
헌정질서파괴범죄의공소시효등에관한특례법,법률,235565
국방대학교학생선발및수업료징수에관한규칙,국방부령,200755
소방장비관리법,시행규칙,251127
소방장비관리법,시행령,263175
소방장비관리법,법률,245289
의안의비용추계등에관한규칙,국회규칙,174022
공군본부직제,대통령령,259419
교육공무원징계양정등에관한규칙,교육인적자원부령,280727
초고층및지하연계복합건축물재난관리에관한특별법,시행규칙,269131
초고층및지하연계복합건축물재난관리에관한특별법,시행령,284887
초고층및지하연계복합건축물재난관리에관한특별법,법률,260837
차관에의한외자구매및그절차규정,경제기획원령,48974
스포츠기본법,시행령,283801
스포츠기본법,법률,234571
판사근무성적등평정규칙,대법원규칙,267905
헌법재판소도서및판례심의위원회규칙,헌법재판소규칙,224793
육군인사사령부령,대통령령,197283
임업ㆍ산림공익기능증진을위한직접지불제도운영에관한법률,시행규칙,255349
임업ㆍ산림공익기능증진을위한직접지불제도운영에관한법률,시행령,265073
임업ㆍ산림공익기능증진을위한직접지불제도운영에관한법률,법률,283913
국민평생직업능력개발법,시행규칙,271525
국민평생직업능력개발법,시행령,282937
국민평생직업능력개발법,법률,247245
중증장애인생산품우선구매특별법,시행규칙,218455
중증장애인생산품우선구매특별법,시행령,284873
중증장애인생산품우선구매특별법,법률,279741
지방교육재정교부금법,시행규칙,280199
지방교육재정교부금법,시행령,279967
지방교육재정교부금법,법률,280399
엽연초생산협동조합법,법률,276133
대통령경호처와그소속기관직제,대통령령,283545
지방자치법시행령제120조에따른특례를둘수있는시ㆍ군ㆍ구의지정에필요한서식에관한규칙,행정안전부령,239929
방문판매등에관한법률,시행규칙,284567
방문판매등에관한법률,시행령,284751
방문판매등에관한법률,법률,268293
농림축산식품부소관비상대비에관한법률,시행규칙,255969
국가공무원복무규정,대통령령,280209
공유수면관리및매립에관한법률,시행규칙,282711
공유수면관리및매립에관한법률,시행령,278003
공유수면관리및매립에관한법률,법률,284343
국제항해선박등에대한해적행위피해예방에관한법률,시행규칙,240829
국제항해선박등에대한해적행위피해예방에관한법률,시행령,281311
국제항해선박등에대한해적행위피해예방에관한법률,법률,234719
농어촌특별세법,시행령,280835
농어촌특별세법,법률,285477
개발도상국산림을통한온실가스배출감축및탄소축적증진지원에관한법률,시행규칙,260653
개발도상국산림을통한온실가스배출감축및탄소축적증진지원에관한법률,시행령,260055
개발도상국산림을통한온실가스배출감축및탄소축적증진지원에관한법률,법률,254039
신용협동조합법,시행규칙,233511
신용협동조합법,시행령,284797
신용협동조합법,법률,285537
기업구조조정투자회사법,시행령,251035
기업구조조정투자회사법,법률,231785
식품등의표시ㆍ광고에관한법률,시행규칙,273799
식품등의표시ㆍ광고에관한법률,시행령,273545
식품등의표시ㆍ광고에관한법률,법률,269957
국방부장관의소속청장지휘에관한규칙,국방부령,252923
경찰공무원특수지근무수당지급규칙,행정안전부령,269177
헌법재판소공무원수당등에관한규칙,헌법재판소규칙,284561
대중문화교류위원회의설치및운영에관한규정,대통령령,281073
법률제16500호택시운송사업의발전에관한법률일부개정법률의시행일에관한규정,대통령령,264971
국가기술자격법,시행규칙,282349
국가기술자격법,시행령,281223
국가기술자격법,법률,243041
공동주택관리법,시행규칙,284529
공동주택관리법,시행령,284679
공동주택관리법,법률,284009
성매개감염병및후천성면역결핍증건강진단규칙,보건복지부령,263291
문화예술후원활성화에관한법률,시행규칙,157732
문화예술후원활성화에관한법률,시행령,281079
문화예술후원활성화에관한법률,법률,253565
방송법,법률(법률),285487
방송법,시행규칙,270879
방송법,시행령,282515
방송법,법률,127182
방산원가대상물자의원가계산에관한규칙,국방부령,283233
의사의조건부면허에관한규칙,보건복지부령,256195
전자금융거래법,시행령,285727
전자금융거래법,법률,280277
석탄광업육성에관한임시조치법,법률,17
법관의보수에관한규칙,대법원규칙,283723
국제수형자이송법,법률,136675
지정공증인의사무처리등에관한규칙,법무부령,240293
혈액관리법,시행규칙,265793
혈액관리법,시행령,281181
혈액관리법,법률,238113
방송통신발전기본법,시행령,277563
방송통신발전기본법,법률,283381
법인의등기사항등에관한특례법,법률,265341
법무사법,법률,257211
조기진급등에관한규정,대통령령,190557
지역사회자력개발상규정,내무부령,235359
국유림의경영및관리에관한법률,시행규칙,273723
국유림의경영및관리에관한법률,시행령,264311
국유림의경영및관리에관한법률,법률,284297
한국교통안전공단법,시행령,281299
한국교통안전공단법,법률,198271
국방대학교설치법,시행령,265613
국방대학교설치법,법률,192435
법원청사건축설계심사에관한규칙,대법원규칙,217857
전문경력관규칙,대법원규칙,147634
어선안전조업및어선원의안전ㆍ보건증진등에관한법률,시행규칙,285749
어선안전조업및어선원의안전ㆍ보건증진등에관한법률,시행령,267727
어선안전조업및어선원의안전ㆍ보건증진등에관한법률,법률,281973
해양경찰법제11조제5항단서에따른긴급하고중요한사건의범위등에관한규정,대통령령,229293
헌법재판소당직및비상근무규칙,헌법재판소규칙,263431
육군3사관학교설치법,시행령,251391
육군3사관학교설치법,법률,245999
군근무성적평정규정,각령,51016
최빈개발도상국에대한특혜관세공여규정,대통령령,280905
공공기관의회계감사및결산감사에관한규칙,감사원규칙,280735
경찰대학설치법,법률,224453
공공기관의운영에관한법률,시행령,280787
공공기관의운영에관한법률,법률,276057
기간제및단시간근로자보호등에관한법률,시행규칙,79595
기간제및단시간근로자보호등에관한법률,시행령,230833
기간제및단시간근로자보호등에관한법률,법률,232201
선박안전조업규칙,국방부령,268125
10ㆍ29이태원참사피해자권리보장과진상규명및재발방지를위한특별법,시행령,281503
10ㆍ29이태원참사피해자권리보장과진상규명및재발방지를위한특별법,법률,283303
산업표준화법,시행규칙,278737
산업표준화법,시행령,278369
산업표준화법,법률,283931
주차장법,시행규칙,285027
주차장법,시행령,273373
주차장법,법률,283743
군인복제령,대통령령,283969
해양교육및해양문화의활성화에관한법률,시행규칙,262223
해양교육및해양문화의활성화에관한법률,시행령,270139
해양교육및해양문화의활성화에관한법률,법률,259273
위해성경찰장비의사용기준등에관한규정,대통령령,227737
남북이산가족생사확인및교류촉진에관한법률,시행령,263503
남북이산가족생사확인및교류촉진에관한법률,법률,259607
항공ㆍ철도사고조사에관한법률,시행규칙,283821
항공ㆍ철도사고조사에관한법률,시행령,283655
항공ㆍ철도사고조사에관한법률,법률,283035
광주과학기술원법,시행령,278197
광주과학기술원법,법률,276209
외국군인ㆍ군속에대한명예계급수여규정,대통령령,148022
축산자조금의조성및운용에관한법률,시행규칙,259449
축산자조금의조성및운용에관한법률,시행령,215233
축산자조금의조성및운용에관한법률,법률,214187
건축기본법,시행령,281247
건축기본법,법률,276923
비밀보호규칙,대법원규칙,245095
농어촌도로의구조ㆍ시설기준에관한규칙,행정자치부령,235313
해양수산부장관및그소속청장소관비영리법인의설립및감독에관한규칙,해양수산부령,205150
고준위방사성폐기물관리위원회직제,대통령령,278297
문화체육관광부와그소속기관직제,시행규칙,283583
문화체육관광부와그소속기관직제,대통령령,283521
물가안정에관한법률,시행령,280847
물가안정에관한법률,법률,276105
환경교육의활성화및지원에관한법률,시행규칙,279039
환경교육의활성화및지원에관한법률,시행령,282343
환경교육의활성화및지원에관한법률,법률,276821
석유화학산업의경쟁력강화및지원에관한특별법,시행령,285579
석유화학산업의경쟁력강화및지원에관한특별법,법률,281891
원자력안전위원회와그소속기관직제,시행규칙,283595
원자력안전위원회와그소속기관직제,대통령령,283541
도서관법,법률(법률),279665
도서관법,시행규칙,245923
도서관법,시행령,284725
도서관법,법률,2625
헌법재판소장등의보수에관한규칙,헌법재판소규칙,284563
종합부동산세법,시행규칙,285003
종합부동산세법,시행령,283639
종합부동산세법,법률,280417
물류정책기본법,시행규칙,285423
물류정책기본법,시행령,284745
물류정책기본법,법률,276993
보증인보호를위한특별법,법률,251943
한국에너지공과대학교법,시행령,278473
한국에너지공과대학교법,법률,276631
남북주민사이의가족관계와상속등에관한특례법,시행규칙,282719
남북주민사이의가족관계와상속등에관한특례법,시행령,125251
남북주민사이의가족관계와상속등에관한특례법,법률,179505
폭력행위등처벌에관한법률,법률,178989
하천수의사용및관리등에관한규칙,환경부령,282425
방송문화진흥회법,시행령,241827
방송문화진흥회법,법률,277335
해외자원개발사업법,시행규칙,278785
해외자원개발사업법,시행령,284915
재외공무원수당지급규칙,외교통상부령,283061
지방세기본법,시행규칙,283321
지방세기본법,시행령,283263
지방세기본법,법률,283257
금강수계물관리및주민지원등에관한법률,시행규칙,282041
금강수계물관리및주민지원등에관한법률,시행령,278505
금강수계물관리및주민지원등에관한법률,법률,276703
군보건의료에관한법률,시행령,281477
군보건의료에관한법률,법률,269899
119긴급신고의관리및운영에관한법률,시행규칙,263571
119긴급신고의관리및운영에관한법률,시행령,263523
119긴급신고의관리및운영에관한법률,법률,257743
비파괴검사기술의진흥및관리에관한법률,시행규칙,283227
비파괴검사기술의진흥및관리에관한법률,시행령,282963
비파괴검사기술의진흥및관리에관한법률,법률,231655
선거여론조사심의위원회의구성및운영에관한규칙,중앙선거관리위원회규칙,248327
인신매매등방지및피해자보호등에관한법률,시행규칙,278849
인신매매등방지및피해자보호등에관한법률,시행령,284943
인신매매등방지및피해자보호등에관한법률,법률,276899
베트남및인도산페로실리코망간에대한덤핑방지관세부과에관한규칙,기획재정부령,252977
담배의유해성관리에관한법률,시행규칙,279353
담배의유해성관리에관한법률,시행령,279225
담배의유해성관리에관한법률,법률,277143
공군작전사령부령,각령,265527
궤도운송법,시행규칙,284533
궤도운송법,시행령,266307
궤도운송법,법률,284463
국가보훈대상자의료지원에관한규칙,총리령,255299
제약산업육성및지원에관한특별법,시행규칙,208892
제약산업육성및지원에관한특별법,시행령,281171
제약산업육성및지원에관한특별법,법률,276685
귀국의무면제통지사무처리에관한규칙,외교통상부령,181674
지역의사의양성및지원등에관한법률,시행규칙,284517
지역의사의양성및지원등에관한법률,시행령,284153
지역의사의양성및지원등에관한법률,법률,280435
대한민국과아메리카합중국간의상호방위조약제4조에의한시설과구역및대한민국에서의합중국군대의지위에관한협정의시행에관한민사특별법,시행규칙,193039
대한민국과아메리카합중국간의상호방위조약제4조에의한시설과구역및대한민국에서의합중국군대의지위에관한협정의시행에관한민사특별법,법률,91501
새만금사업추진및지원에관한특별법,시행규칙,252237
새만금사업추진및지원에관한특별법,시행령,284775
새만금사업추진및지원에관한특별법,법률,284373
독립기념관법,법률,276373
차산업발전및차문화진흥에관한법률,시행규칙,260683
차산업발전및차문화진흥에관한법률,시행령,280609
차산업발전및차문화진흥에관한법률,법률,269909
군사법원재판기록열람ㆍ복사규칙,대법원규칙,243585
우주항공청과그소속기관직제,시행규칙,285037
우주항공청과그소속기관직제,대통령령,284925
사법경찰관리의직무를수행할자와그직무범위에관한법률,법률,283433
여성과학기술인육성및지원에관한법률,시행령,282987
여성과학기술인육성및지원에관한법률,법률,271239
토지이용인ㆍ허가절차간소화를위한특별법,시행규칙,180117
토지이용인ㆍ허가절차간소화를위한특별법,시행령,277991
토지이용인ㆍ허가절차간소화를위한특별법,법률,277039
수도용자재와제품의위생안전기준인증등에관한규칙,환경부령,278943
법관징계법,법률,238919
5ㆍ18민주유공자예우및단체설립에관한법률,시행규칙,279497
5ㆍ18민주유공자예우및단체설립에관한법률,시행령,284651
5ㆍ18민주유공자예우및단체설립에관한법률,법률,284119
실내공기질관리법,시행규칙,285587
실내공기질관리법,시행령,285467
실내공기질관리법,법률,276765
지속가능발전기본법,시행령(대통령령),281755
지속가능발전기본법,법률(법률),238845
지속가능발전기본법,시행령,103478
지속가능발전기본법,법률,80019
법관의사법행정참여를위한규칙,대법원규칙,181262
인천광역시남구명칭변경에관한법률,법률,202767
통계법,시행규칙,282279
통계법,시행령,277521
통계법,법률,277157
연구개발특구의육성에관한특별법,시행규칙,279101
연구개발특구의육성에관한특별법,시행령,284809
연구개발특구의육성에관한특별법,법률,283401
공직자윤리법의시행에관한헌법재판소규칙,헌법재판소규칙,280329
항만시설장비관리규칙,해양수산부령,248771
헌법연구관등의근무성적평정규칙,헌법재판소규칙,160012
제주특별자치도주민소환관리규칙,중앙선거관리위원회규칙,80355
경비업법,시행규칙,264977
경비업법,시행령,280539
경비업법,법률,270381
장애물없는생활환경인증에관한규칙,국토해양부령,237461
의료사고피해구제및의료분쟁조정등에관한법률,시행규칙,270275
의료사고피해구제및의료분쟁조정등에관한법률,시행령,281593
의료사고피해구제및의료분쟁조정등에관한법률,법률,265473
성평등가족부소관비상대비자원관리법,시행규칙,278841
지역중소기업육성및혁신촉진등에관한법률,시행령,281345
지역중소기업육성및혁신촉진등에관한법률,법률,258341
도로와다른시설의연결에관한규칙,국토교통부령,235051
경찰직무응원법,법률,224457
신원보증법,법률,91383
빈집및소규모주택정비에관한특례법,시행규칙,283805
빈집및소규모주택정비에관한특례법,시행령,283501
빈집및소규모주택정비에관한특례법,법률,284083
공중보건위기대응의료제품의개발촉진및긴급공급을위한특별법,시행규칙,236927
공중보건위기대응의료제품의개발촉진및긴급공급을위한특별법,시행령,281349
공중보건위기대응의료제품의개발촉진및긴급공급을위한특별법,법률,279727
스마트농업육성및지원에관한법률,시행규칙,264513
스마트농업육성및지원에관한법률,시행령,282795
스마트농업육성및지원에관한법률,법률,272909
사회보장기본법,시행규칙,237467
사회보장기본법,시행령,281589
사회보장기본법,법률,276663
국ㆍ공유부동산의등기촉탁에관한법률,법률,112289
공공감사기준,감사원규칙,49210
공공기관의소방안전관리에관한규정,대통령령,245523
형의실효등에관한법률,시행령,261599
형의실효등에관한법률,법률,252635
청원경찰법,시행규칙,283143
청원경찰법,시행령,270711
청원경찰법,법률,245297
국가과학기술자문회의법,시행령,285283
국가과학기술자문회의법,법률,265809
청소년보호법,시행규칙,278853
청소년보호법,시행령,284885
청소년보호법,법률,281963
농어업인의안전보험및안전재해예방에관한법률,시행규칙,262225
농어업인의안전보험및안전재해예방에관한법률,시행령,279875
농어업인의안전보험및안전재해예방에관한법률,법률,255855
민사집행규칙,대법원규칙,272631
국립외교원외교안보연구소연구부의명칭및기능에관한규칙,외교부령,254705
중국산폴리에스테르장섬유완전연신사(FDY)에대한덤핑방지관세부과에관한규칙,기획재정부령,239451
조세범처벌법,법률,224875
정보매개물보장계획에관한협정,시행령,209760
이중상환청구권부채권발행에관한법률,시행령,229871
이중상환청구권부채권발행에관한법률,법률,231795
코로나바이러스감염증-19예방접종피해보상등에관한특별법,시행규칙,279267
코로나바이러스감염증-19예방접종피해보상등에관한특별법,시행령,279235
코로나바이러스감염증-19예방접종피해보상등에관한특별법,법률,270743
식품안전기본법,시행령,283505
식품안전기본법,법률,277147
유사수신행위의규제에관한법률,시행령,206625
유사수신행위의규제에관한법률,법률,260861
국가공무원명예퇴직수당등지급규정,대통령령,281717
관세법제68조에따른특별긴급관세부과에관한규칙,기획재정부령,282603
지역농림어업발전사업협력촉진에관한법률,시행규칙,257919
지역농림어업발전사업협력촉진에관한법률,시행령,256995
지역농림어업발전사업협력촉진에관한법률,법률,246837
대법원공직자윤리위원회의권한에관한규칙,대법원규칙,96533
벌금등임시조치법,법률,103863
문화체육관광부및국가유산청소관비영리법인의설립및감독에관한규칙,문화체육관광부령,262753
경관법,시행령,277919
경관법,법률,276931
조달품질원시험ㆍ분석규칙,기획재정부령,222267
해양폐기물및해양오염퇴적물관리법,시행규칙,268301
해양폐기물및해양오염퇴적물관리법,시행령,281699
해양폐기물및해양오염퇴적물관리법,법률,267423
선거관리위원회개인정보보호에관한규칙,중앙선거관리위원회규칙,259323
여객자동차운수사업법,시행규칙,285433
여객자동차운수사업법,시행령,285857
여객자동차운수사업법,법률,284089
상수원관리규칙,총리령,278925
철도의건설및철도시설유지관리에관한법률,시행규칙,235129
철도의건설및철도시설유지관리에관한법률,시행령,262339
철도의건설및철도시설유지관리에관한법률,법률,277035
노인장기요양보험법,시행규칙,280315
노인장기요양보험법,시행령,281843
노인장기요양보험법,법률,281921
선거관리위원회기록물관리규칙,중앙선거관리위원회규칙,247937
학생맞춤통합지원법,시행령,283671
학생맞춤통합지원법,법률,279645
공장및광업재단저당법,법률,276273
국회도서관법,법률(법률),279757
국회도서관법,법률,3847
해양에서발생한재난의긴급구조활동평가에관한규칙,해양수산부령,279097
가축분뇨의자원화및이용촉진에관한규칙,농림부령,245045
부부재산약정등기규칙,대법원규칙,266841
경찰제복및경찰장비의규제에관한법률,시행규칙,239099
경찰제복및경찰장비의규제에관한법률,시행령,249699
경찰제복및경찰장비의규제에관한법률,법률,224455
국회법,법률,283173
한국과학우주청소년단육성에관한법률,법률,259397
결혼중개업의관리에관한법률,시행규칙,278825
결혼중개업의관리에관한법률,시행령,284665
결혼중개업의관리에관한법률,법률,281951
수복지역내소유자미복구토지의복구등록과보존등기등에관한특별조치법시행령,대통령령,227627
원전비리방지를위한원자력발전사업자등의관리ㆍ감독에관한법률,시행령,278405
원전비리방지를위한원자력발전사업자등의관리ㆍ감독에관한법률,법률,276567
국가첨단전략산업경쟁력강화및보호에관한특별조치법,시행규칙,278705
국가첨단전략산업경쟁력강화및보호에관한특별조치법,시행령,282935
국가첨단전략산업경쟁력강화및보호에관한특별조치법,법률,283295
외교부장관의소속청장에대한지휘등에관한규칙,외교부령,282251
사회서비스이용및이용권관리에관한법률,시행규칙,269841
사회서비스이용및이용권관리에관한법률,시행령,267289
사회서비스이용및이용권관리에관한법률,법률,257855
정보통신망이용촉진및정보보호등에관한법률,시행규칙,230723
정보통신망이용촉진및정보보호등에관한법률,시행령,284861
정보통신망이용촉진및정보보호등에관한법률,법률,285199
소년심판규칙,대법원규칙,187997
전자서명법,시행규칙,224075
전자서명법,시행령,254745
전자서명법,법률,236201
자살예방및생명존중문화조성을위한법률,시행규칙,264055
자살예방및생명존중문화조성을위한법률,시행령,281163
자살예방및생명존중문화조성을위한법률,법률,281939
국민의형사재판참여에관한규칙,대법원규칙,228997
육군보병학교령,대통령령(대통령령),273553
육군보병학교령,대통령령,24426
전기공사업법,시행규칙,278985
전기공사업법,시행령,282331
전기공사업법,법률,284381
선거관리위원회사무기구에관한규칙,중앙선거관리위원회규칙,283331
기초학력보장법,시행령,280479
기초학력보장법,법률,279641
체신관서현금출납규정,대통령령,280953
수상레저안전법,시행규칙,271619
수상레저안전법,시행령,280301
수상레저안전법,법률,270749
법학전문대학원설치ㆍ운영에관한법률,시행령,269723
법학전문대학원설치ㆍ운영에관한법률,법률,230373
장애인ㆍ노인등을위한보조기기지원및활용촉진에관한법률,시행규칙,263109
장애인ㆍ노인등을위한보조기기지원및활용촉진에관한법률,시행령,205871
장애인ㆍ노인등을위한보조기기지원및활용촉진에관한법률,법률,265917
감정평가에관한규칙,국토해양부령,254883
명예교수규칙,문교부령,273729
도시교통정비촉진법,시행규칙,250251
도시교통정비촉진법,시행령,284951
도시교통정비촉진법,법률,284063
민사조정법,법률,213779
출판문화산업진흥법,시행규칙,219759
출판문화산업진흥법,시행령,277835
출판문화산업진흥법,법률,276403
식품위생분야종사자의건강진단규칙,총리령,256467
공휴일에관한법률,법률,283311
혁신의료기기지원및관리등에관한규칙,총리령,247951
사할린동포지원에관한특별법,시행규칙,264353
사할린동포지원에관한특별법,시행령,263969
사할린동포지원에관한특별법,법률,283853
문화예술교육지원법,시행규칙,181628
문화예술교육지원법,시행령,282313
문화예술교육지원법,법률,265895
예비군법,시행규칙,282083
예비군법,시행령,281493
예비군법,법률,283687
근로기준법,법률(법률),284443
근로기준법,시행규칙,269393
근로기준법,시행령,270551
근로기준법,법률,4974
참전유공자예우및단체설립에관한법률,시행규칙,284497
참전유공자예우및단체설립에관한법률,시행령,283971
참전유공자예우및단체설립에관한법률,법률,283437
국내재산도피방지법,시행령,280983
국내재산도피방지법,법률,103962
신에너지및재생에너지개발ㆍ이용ㆍ보급촉진법,시행규칙,278953
신에너지및재생에너지개발ㆍ이용ㆍ보급촉진법,시행령,284015
신에너지및재생에너지개발ㆍ이용ㆍ보급촉진법,법률,276547
징발법,시행규칙,182546
징발법,시행령,282463
징발법,법률,153886
예금자보호법,시행령,273001
예금자보호법,법률,277269
선박소유자등의책임제한절차에관한법률,법률,284161
유료도로법,시행규칙,267939
유료도로법,시행령,267653
유료도로법,법률,253999
드루킹의인터넷상불법댓글조작사건과관련된진상규명을위한특별검사의임명등에관한법률,법률,203628
인사청문회법,법률,277361
지능정보화기본법,시행규칙,267147
지능정보화기본법,시행령,282445
지능정보화기본법,법률,276249
국방과학연구소법,시행령,281003
국방과학연구소법,법률,259617
공무원범죄의몰수보전등에관한규칙,대법원규칙,228987
국립박물관전시품관람규칙,문화관광부령,249463
대통령기록물관리에관한법률,시행령,253301
대통령기록물관리에관한법률,법률,223449
등기특별회계법,법률,197503
헌법재판소사무기구에관한규칙,헌법재판소규칙,285625
수복지역내소유자미복구토지의복구등록과보존등기등에관한특별조치법,법률,213805
소방공무원법,법률,261437
주택건설기준등에관한규칙,국토해양부령,285849
해양경찰청소속경찰공무원특수지근무수당지급규칙,국토해양부령,268629
한국투자공사법,시행령,280917
한국투자공사법,법률,276159
법원공무원정원에관한규칙,대법원규칙,280745
광업ㆍ제조업조사규칙,기획재정부령,278803
손상예방및관리에관한법률,시행규칙,268927
손상예방및관리에관한법률,시행령,268261
손상예방및관리에관한법률,법률,259319
국립소방병원의설립및운영에관한법률,시행령,233875
국립소방병원의설립및운영에관한법률,법률,283693
전기통신기본법,시행령,109707
전기통신기본법,법률,206003
공무원의구분변경에따른국회공무원의전직임용등에관한특례규칙,국회규칙,250149
다문화가족지원법,시행규칙,278829
다문화가족지원법,시행령,281629
다문화가족지원법,법률,281953
전자선거추진협의회의설치및운영에관한규칙,중앙선거관리위원회규칙,71730
농림축산식품부소관친환경농어업육성및유기식품등의관리ㆍ지원에관한법률,시행규칙,271577
군가산복무지원금지급대상자규정,시행규칙,201794
군가산복무지원금지급대상자규정,대통령령,198818
검찰사건사무규칙,법무부령,271613
드론작전사령부령,대통령령,252001
철도차량운전규칙,건설교통부령,236575
장기공공임대주택입주자삶의질향상지원법,시행규칙,185553
장기공공임대주택입주자삶의질향상지원법,시행령,283499
장기공공임대주택입주자삶의질향상지원법,법률,273421
과학기술기본법,시행규칙,196117
과학기술기본법,시행령,280923
과학기술기본법,법률,285191
생물자원관의설립및운영에관한법률,시행령,278549
생물자원관의설립및운영에관한법률,법률,276745
헌법재판소인사사무규칙,헌법재판소규칙,238167
인천국제공항공사법,법률,260393
공익사업을위한토지등의취득및보상에관한법률,시행규칙,261727
공익사업을위한토지등의취득및보상에관한법률,시행령,281647
공익사업을위한토지등의취득및보상에관한법률,법률,280071
소방공무원승진임용규정,시행규칙,272781
소방공무원승진임용규정,대통령령,272687
외식산업진흥법,시행규칙,267975
외식산업진흥법,시행령,284819
외식산업진흥법,법률,218163
산림기술진흥및관리에관한법률,시행규칙,270615
산림기술진흥및관리에관한법률,시행령,280283
산림기술진흥및관리에관한법률,법률,283711
염업조합법,시행규칙,283315
염업조합법,시행령,215167
염업조합법,법률,246895
이북5도위원회규정,대통령령,195623
중소기업수출지원센터의설치및운영등에관한규정,대통령령,262073
육군포병학교령,대통령령(대통령령),273563
육군포병학교령,대통령령,24863
법령등공포에관한법률,법률,204777
군사법원법정등의질서유지를위한재판에관한규칙,대법원규칙,243583
감사원심사규칙,감사원규칙,272459
자체감사활동의지원및대행ㆍ위탁감사에관한규칙,감사원규칙,230311
식물신품종보호법제52조에따른품종보호등록에관한규칙,농림축산식품부령,204975
지방공무원교육훈련법,시행령,237291
지방공무원교육훈련법,법률,236001
국가경찰과자치경찰의조직및운영에관한법률제14조제10항에따른긴급하고중요한사건의범위등에관한규정,대통령령,225693
공교육정상화촉진및선행교육규제에관한특별법,시행령,211997
공교육정상화촉진및선행교육규제에관한특별법,법률,268711
성평등가족부소관비영리법인의설립및감독에관한규칙,성평등가족부령,278843
재외공관주재무관의대외직명에관한규칙,외교통상부령,138058
지역신문발전지원특별법,시행령,248157
지역신문발전지원특별법,법률,268751
중소기업기술혁신촉진법,시행규칙,220365
중소기업기술혁신촉진법,시행령,283001
중소기업기술혁신촉진법,법률,281987
정보통신기반보호법,시행규칙,279103
정보통신기반보호법,시행령,280951
정보통신기반보호법,법률,259005
고엽제후유의증등환자지원및단체설립에관한법률,시행규칙,279499
고엽제후유의증등환자지원및단체설립에관한법률,시행령,284675
고엽제후유의증등환자지원및단체설립에관한법률,법률,283427
군기령,대통령령,248909
선박의검사등에관한수수료규칙,해양수산부령,233585
반도체집적회로의배치설계에관한법률,시행규칙,279081
반도체집적회로의배치설계에관한법률,시행령,277531
반도체집적회로의배치설계에관한법률,법률,277193
수출용원재료에대한관세등환급에관한특례법,시행규칙,284989
수출용원재료에대한관세등환급에관한특례법,시행령,283657
수출용원재료에대한관세등환급에관한특례법,법률,276131
도청이전을위한도시건설및지원에관한특별법,시행령,193645
도청이전을위한도시건설및지원에관한특별법,법률,251607
재건축초과이익환수에관한법률,시행규칙,261509
재건축초과이익환수에관한법률,시행령,284841
재건축초과이익환수에관한법률,법률,277019
국제과학비즈니스벨트조성및지원에관한특별법,시행령,282939
국제과학비즈니스벨트조성및지원에관한특별법,법률,277319
환경오염피해배상책임및구제에관한법률,시행규칙,279059
환경오염피해배상책임및구제에관한법률,시행령,285829
환경오염피해배상책임및구제에관한법률,법률,279801
산업안전보건기준에관한규칙,고용노동부령,280187
국회의원선거구획정위원회의설치및운영에관한규칙,중앙선거관리위원회규칙,247975
환경기술및환경산업지원법,시행규칙,284965
환경기술및환경산업지원법,시행령,284515
환경기술및환경산업지원법,법률,276823
한국수자원공사법,시행령,281615
한국수자원공사법,법률,284403
스포츠클럽법,시행규칙,264389
스포츠클럽법,시행령,279973
스포츠클럽법,법률,259035
학교급식법,시행규칙,233553
학교급식법,시행령,250483
학교급식법,법률,283421
용산공원조성특별법,시행규칙,236757
용산공원조성특별법,시행령,281671
용산공원조성특별법,법률,277013
국가인권위원회법,시행령,243639
국가인권위원회법,법률,266711
현충시설의지정ㆍ관리등에관한규정,시행규칙,251503
현충시설의지정ㆍ관리등에관한규정,대통령령,249725
국세와지방세의조정등에관한법률,법률,149922
부동산등기특별조치법에따른대법원규칙,대법원규칙,219877
광복80년기념사업추진위원회의설치및운영에관한규정,대통령령,281391
법원통계규칙,대법원규칙,83084
우정사업본부직제,시행규칙,283591
우정사업본부직제,대통령령,283513
유전자원의접근ㆍ이용및이익공유에관한법률,시행규칙,278971
유전자원의접근ㆍ이용및이익공유에관한법률,시행령,278583
유전자원의접근ㆍ이용및이익공유에관한법률,법률,276777
법정등의질서유지를위한재판에관한규칙,대법원규칙,228993
국립소록도병원운영규칙,보건복지부령,194077
법원조사관등규칙,대법원규칙,233435
뇌연구촉진법,시행령,280937
뇌연구촉진법,법률,276219
선박투자회사법,시행규칙,248763
선박투자회사법,시행령,284953
선박투자회사법,법률,277063
선박등기규칙,대법원규칙,266767
군용비행장ㆍ군사격장소음방지및피해보상에관한법률,시행규칙,273857
군용비행장ㆍ군사격장소음방지및피해보상에관한법률,시행령,281479
군용비행장ㆍ군사격장소음방지및피해보상에관한법률,법률,276303
기술심리관규칙,대법원규칙,181261
선박직원법,시행규칙,285503
선박직원법,시행령,278015
선박직원법,법률,273685
지방재정법시행령제33조제1항본문에따른지방자치단체경비부담의기준등에관한규칙,행정안전부령,245273
태국산섬유판에대한덤핑방지관세부과에관한규칙,재정경제부령,285853
방위산업발전및지원에관한법률,시행규칙,282581
방위산업발전및지원에관한법률,시행령,281013
방위산업발전및지원에관한법률,법률,283943
농업과학기술정보서비스의제공및이용활성화에관한법률,시행규칙,263335
농업과학기술정보서비스의제공및이용활성화에관한법률,시행령,263167
농업과학기술정보서비스의제공및이용활성화에관한법률,법률,251913
대법원장비서실직제에관한규칙,대법원규칙,71945
선거관리위원회공무원규칙,중앙선거관리위원회규칙,284171
군무원의구분변경에따른전직임용등에관한특례규정,대통령령,199824
아동수당법,시행규칙,285241
아동수당법,시행령,285049
아동수당법,법률,284619
국립의각급학교에두는공무원의정원에관한규정,시행규칙,283577
국립의각급학교에두는공무원의정원에관한규정,대통령령,283465
경제자유구역의지정및운영에관한특별법,시행규칙,278689
경제자유구역의지정및운영에관한특별법,시행령,284669
경제자유구역의지정및운영에관한특별법,법률,283917
독서문화진흥법,시행령,251155
독서문화진흥법,법률,284075
법관및법원공무원행동강령,대법원규칙,86626
법관및법원공무원행동강령,대법원규칙(대법원규칙),244555
행정중심복합도시건설청직제,시행규칙,282753
행정중심복합도시건설청직제,대통령령,282505
경상북도와대구광역시간관할구역변경에관한법률,법률,247229
가사소송법,법률,265309
지방전문경력관규정,대통령령,265259
마약류중독자치료보호규정,대통령령,269033
예산회계에관한특례법,법률,276135
국제개발협력기본법,시행령,281751
국제개발협력기본법,법률,283905
통신비밀보호법,시행령,272943
통신비밀보호법,법률,268703
교육부소관비영리법인의설립및감독에관한규칙,교육부령,263243
국제기구분담금관리에관한법률,시행령,238681
국제기구분담금관리에관한법률,법률,276261
가습기살균제피해구제를위한특별법,시행규칙,278867
가습기살균제피해구제를위한특별법,시행령,278493
가습기살균제피해구제를위한특별법,법률,276691
디엔에이신원확인정보의이용및보호에관한법률,시행령,243617
디엔에이신원확인정보의이용및보호에관한법률,법률,213449
성별영향평가법,시행령,281631
성별영향평가법,법률,276879
식품ㆍ의약품등의안전및제품화지원에관한규제과학혁신법,시행규칙,260913
식품ㆍ의약품등의안전및제품화지원에관한규제과학혁신법,시행령,282983
식품ㆍ의약품등의안전및제품화지원에관한규제과학혁신법,법률,254137
지방자치단체의행정기구와정원기준등에관한규정,시행규칙,196193
지방자치단체의행정기구와정원기준등에관한규정,대통령령,283183
풍수해ㆍ지진재해보험법,시행규칙,262219
풍수해ㆍ지진재해보험법,시행령,283719
풍수해ㆍ지진재해보험법,법률,268881
국가회계기준에관한규칙,기획재정부령,282613
군형사사건기록열람ㆍ복사의방법및수수료등에관한규칙,국방부령,245467
군표창규정,각령,248863
노근리사건희생자심사및명예회복에관한특별법,시행령,281511
노근리사건희생자심사및명예회복에관한특별법,법률,236229
재정경제부직제,시행규칙,282587
재정경제부직제,대통령령,280775
상가건물임대차계약서상의확정일자부여및임대차정보제공에관한규칙,법무부령,240275
장애영유아를위한어린이집의설치및운영등에관한규칙,교육부령,266609
교육감소속지방공무원인사교류규칙,교육과학기술부령,137581
민영교도소등의설치ㆍ운영에관한법률,시행규칙,271415
민영교도소등의설치ㆍ운영에관한법률,시행령,271285
민영교도소등의설치ㆍ운영에관한법률,법률,276277
수산생물질병관리법,시행규칙,263833
수산생물질병관리법,시행령,263181
수산생물질병관리법,법률,259925
과태료체납자에대한감치의재판에관한규칙,대법원규칙,87413
녹색건축인증에관한규칙,국토교통부령,278883
감정평가및감정평가사에관한법률,시행규칙,284523
감정평가및감정평가사에관한법률,시행령,265547
감정평가및감정평가사에관한법률,법률,250715
법원이재판권을가지는군인등의범죄에대한수사절차등에관한규정,대통령령,283267
공무원제안규정,시행규칙,196163
공무원제안규정,대통령령,277701
법무사규칙,대법원규칙,261629
자격기본법,시행규칙,271541
자격기본법,시행령,278267
자격기본법,법률,246585
5ㆍ18민주화운동진상규명을위한특별법,시행령,249767
5ㆍ18민주화운동진상규명을위한특별법,법률,260411
주민의감사청구등의서식에관한규칙,행정안전부령,239527
순직해병수사방해및사건은폐등의진상규명을위한특별검사의임명등에관한법률,법률,273919
국립대학의회계설치및재정운영에관한법률,시행규칙,245037
국립대학의회계설치및재정운영에관한법률,법률,276173
상훈법,시행령,215477
상훈법,법률,279617
소방공무원교육훈련규정,대통령령,264917
1959년12월31일이전에퇴직한군인의퇴직급여금지급에관한특별법,시행령,264479
1959년12월31일이전에퇴직한군인의퇴직급여금지급에관한특별법,법률,283697
유전자변형생물체의국가간이동등에관한법률,시행규칙,278761
유전자변형생물체의국가간이동등에관한법률,시행령,278407
유전자변형생물체의국가간이동등에관한법률,법률,276569
1980년해직공무원의보상등에관한특별조치법시행령,대통령령,204611
지방교육행정기관에두는국가공무원의정원중고위공무원단직위의직무등급의표시등에관한규칙,교육인적자원부령,126442
국가관광전략회의의구성및운영에관한규정,대통령령,281071
구강보건법,시행규칙,247981
구강보건법,시행령,221699
구강보건법,법률,251785
국민연금법,시행규칙,283561
국민연금법,시행령,280287
국민연금법,법률,284451
법무자문위원회규정,대통령령,240099
공인중개사법,시행규칙,263573
공인중개사법,시행령,279243
공인중개사법,법률,283713
고용노동부소관비영리법인의설립및감독에관한규칙,고용노동부령,193534
사법행정자문회의규칙,대법원규칙,235903
국가정보원법,법률,277293
항만재개발및주변지역발전에관한법률,시행규칙,265595
항만재개발및주변지역발전에관한법률,시행령,284909
항만재개발및주변지역발전에관한법률,법률,255871
각급법원판사정원법,법률,268137
위생용품관리법,시행규칙,282291
위생용품관리법,시행령,264747
위생용품관리법,법률,282011
중국산폴리(에틸렌테레프탈레이트)에대한덤핑방지관세부과에관한규칙,기획재정부령,266901
적극행정운영규정,대통령령,281859
부정청탁및금품등수수의금지에관한법률의시행에관한대법원규칙,대법원규칙,202616
